"","Rho","N","P","P0","Rsq","Sure Screening Probability (Air-HOLP)","Sure Screening Probability (Ridge-HOLP)","Sure Screening Probability (SIS)","r"
"1",0,125,250,3,0.25,0.702,0.556,0.754,102.608488304894
"2",0.3,125,250,3,0.25,0.662,0.534,0.718,100.835524758049
"3",0.6,125,250,3,0.25,0.568,0.436,0.63,96.4072239793234
"4",0.9,125,250,3,0.25,0.368,0.294,0.474,87.9267073230735
"5",0,250,250,3,0.25,0.956,0.75,0.972,96.7501743300586
"6",0.3,250,250,3,0.25,0.932,0.778,0.954,94.4964609565247
"7",0.6,250,250,3,0.25,0.896,0.682,0.856,86.0968075911292
"8",0.9,250,250,3,0.25,0.666,0.654,0.73,79.0785281978552
"9",0,500,250,3,0.25,0.994,0.986,1,69.6187274212272
"10",0.3,500,250,3,0.25,0.98,0.97,0.982,69.7559627998865
"11",0.6,500,250,3,0.25,0.982,0.978,0.98,60.8163583047681
"12",0.9,500,250,3,0.25,0.892,0.894,0.96,32.4425150438081
"13",0,1000,250,3,0.25,1,1,1,19.9352183828464
"14",0.3,1000,250,3,0.25,1,1,0.998,22.5382784529579
"15",0.6,1000,250,3,0.25,0.998,0.998,0.986,18.6012701918559
"16",0.9,1000,250,3,0.25,0.984,0.984,0.986,6.20059653351295
"17",0,125,1250,3,0.25,0.48,0.466,0.472,499.967798612253
"18",0.3,125,1250,3,0.25,0.4,0.38,0.432,480.641088892781
"19",0.6,125,1250,3,0.25,0.298,0.274,0.336,460.591801732982
"20",0.9,125,1250,3,0.25,0.254,0.238,0.274,429.69949388471
"21",0,250,1250,3,0.25,0.878,0.854,0.882,566.207300085611
"22",0.3,250,1250,3,0.25,0.812,0.772,0.808,561.61206825827
"23",0.6,250,1250,3,0.25,0.686,0.68,0.688,534.026131272086
"24",0.9,250,1250,3,0.25,0.444,0.434,0.536,497.88952761825
"25",0,500,1250,3,0.25,0.962,0.916,0.97,630.20039210968
"26",0.3,500,1250,3,0.25,0.974,0.936,0.96,607.471614341927
"27",0.6,500,1250,3,0.25,0.912,0.872,0.794,582.313392536734
"28",0.9,500,1250,3,0.25,0.504,0.502,0.614,556.210499302732
"29",0,1000,1250,3,0.25,0.996,0.944,0.996,628.287125471301
"30",0.3,1000,1250,3,0.25,0.988,0.916,0.974,610.197176774482
"31",0.6,1000,1250,3,0.25,0.984,0.904,0.852,564.792029285544
"32",0.9,1000,1250,3,0.25,0.752,0.788,0.704,534.350790738548
"33",0,125,5000,3,0.25,0.254,0.246,0.25,1667.33457463252
"34",0.3,125,5000,3,0.25,0.246,0.246,0.232,1616.29463536965
"35",0.6,125,5000,3,0.25,0.14,0.136,0.158,1563.49988938728
"36",0.9,125,5000,3,0.25,0.154,0.15,0.168,1445.21327333592
"37",0,250,5000,3,0.25,0.786,0.78,0.796,1968.45178058919
"38",0.3,250,5000,3,0.25,0.7,0.678,0.692,1939.86329972284
"39",0.6,250,5000,3,0.25,0.48,0.476,0.558,1875.46948859699
"40",0.9,250,5000,3,0.25,0.41,0.404,0.438,1754.48199607955
"41",0,500,5000,3,0.25,0.958,0.954,0.956,2358.98800196444
"42",0.3,500,5000,3,0.25,0.926,0.924,0.882,2285.16779203177
"43",0.6,500,5000,3,0.25,0.766,0.76,0.724,2200.67293708335
"44",0.9,500,5000,3,0.25,0.472,0.468,0.54,2097.02327118794
"45",0,1000,5000,3,0.25,0.998,0.99,0.998,2662.43918847265
"46",0.3,1000,5000,3,0.25,0.986,0.978,0.942,2575.22995793206
"47",0.6,1000,5000,3,0.25,0.96,0.948,0.808,2471.49677240049
"48",0.9,1000,5000,3,0.25,0.548,0.546,0.67,2426.52943533382
"49",0,125,15000,3,0.25,0.132,0.132,0.138,4318.53969682802
"50",0.3,125,15000,3,0.25,0.132,0.128,0.126,4208.35724820991
"51",0.6,125,15000,3,0.25,0.1,0.102,0.106,4005.08387689286
"52",0.9,125,15000,3,0.25,0.074,0.07,0.078,3758.17765510371
"53",0,250,15000,3,0.25,0.684,0.68,0.684,5209.71850105376
"54",0.3,250,15000,3,0.25,0.542,0.538,0.524,5098.28539712131
"55",0.6,250,15000,3,0.25,0.388,0.388,0.432,4876.41311873834
"56",0.9,250,15000,3,0.25,0.384,0.382,0.38,4544.04875610301
"57",0,500,15000,3,0.25,0.918,0.918,0.92,6269.82728294591
"58",0.3,500,15000,3,0.25,0.88,0.88,0.848,6064.60328979776
"59",0.6,500,15000,3,0.25,0.668,0.668,0.64,5884.4988344632
"60",0.9,500,15000,3,0.25,0.454,0.452,0.504,5525.38696863455
"61",0,1000,15000,3,0.25,0.982,0.98,0.984,7242.95480937738
"62",0.3,1000,15000,3,0.25,0.974,0.974,0.932,7043.31648186554
"63",0.6,1000,15000,3,0.25,0.868,0.866,0.726,6889.54409857894
"64",0.9,1000,15000,3,0.25,0.536,0.534,0.62,6531.41563312552
"65",0,125,250,6,0.25,0.144,0.064,0.144,107.230677906073
"66",0.3,125,250,6,0.25,0.11,0.05,0.106,105.683019748442
"67",0.6,125,250,6,0.25,0.052,0.03,0.05,99.9271032590148
"68",0.9,125,250,6,0.25,0.048,0.026,0.042,92.6697765302379
"69",0,250,250,6,0.25,0.61,0.256,0.656,99.224334187546
"70",0.3,250,250,6,0.25,0.536,0.202,0.528,97.9409580496886
"71",0.6,250,250,6,0.25,0.438,0.192,0.354,90.2715784286905
"72",0.9,250,250,6,0.25,0.222,0.138,0.258,82.0248323857358
"73",0,500,250,6,0.25,0.89,0.856,0.936,70.3922421139612
"74",0.3,500,250,6,0.25,0.87,0.81,0.842,71.358580972588
"75",0.6,500,250,6,0.25,0.804,0.756,0.806,62.1275104565974
"76",0.9,500,250,6,0.25,0.658,0.64,0.826,34.4958799217492
"77",0,1000,250,6,0.25,0.986,0.984,0.99,19.40766442475
"78",0.3,1000,250,6,0.25,0.986,0.984,0.968,22.7151653702691
"79",0.6,1000,250,6,0.25,0.98,0.98,0.946,18.941973030825
"80",0.9,1000,250,6,0.25,0.954,0.954,0.95,6.27970841902112
"81",0,125,1250,6,0.25,0.022,0.018,0.014,520.347396523528
"82",0.3,125,1250,6,0.25,0.008,0.006,0.002,500.939448545168
"83",0.6,125,1250,6,0.25,0.006,0.006,0.004,480.839722067397
"84",0.9,125,1250,6,0.25,0.006,0.006,0.004,441.044896789151
"85",0,250,1250,6,0.25,0.268,0.208,0.256,583.957089292421
"86",0.3,250,1250,6,0.25,0.22,0.186,0.178,571.355470814222
"87",0.6,250,1250,6,0.25,0.166,0.136,0.156,548.988028596306
"88",0.9,250,1250,6,0.25,0.08,0.062,0.106,514.785308136808
"89",0,500,1250,6,0.25,0.776,0.636,0.788,633.274568585216
"90",0.3,500,1250,6,0.25,0.666,0.54,0.58,622.284058597899
"91",0.6,500,1250,6,0.25,0.502,0.394,0.318,600.150870645828
"92",0.9,500,1250,6,0.25,0.24,0.19,0.28,557.486390538318
"93",0,1000,1250,6,0.25,0.936,0.672,0.952,630.019751980884
"94",0.3,1000,1250,6,0.25,0.926,0.606,0.778,614.780295715331
"95",0.6,1000,1250,6,0.25,0.832,0.508,0.476,578.433445343287
"96",0.9,1000,1250,6,0.25,0.392,0.33,0.304,547.948793558131
"97",0,125,5000,6,0.25,0,0,0,1727.41541574217
"98",0.3,125,5000,6,0.25,0,0,0,1679.46073767766
"99",0.6,125,5000,6,0.25,0,0,0,1584.13386492158
"100",0.9,125,5000,6,0.25,0,0,0,1498.87604679571
"101",0,250,5000,6,0.25,0.138,0.128,0.126,2072.5672680099
"102",0.3,250,5000,6,0.25,0.088,0.08,0.064,2006.45736152025
"103",0.6,250,5000,6,0.25,0.042,0.042,0.046,1950.05085257617
"104",0.9,250,5000,6,0.25,0.038,0.034,0.036,1829.04217279357
"105",0,500,5000,6,0.25,0.598,0.57,0.614,2372.59847238001
"106",0.3,500,5000,6,0.25,0.466,0.452,0.372,2342.15466030318
"107",0.6,500,5000,6,0.25,0.288,0.28,0.232,2247.26201784994
"108",0.9,500,5000,6,0.25,0.152,0.138,0.17,2113.22373721346
"109",0,1000,5000,6,0.25,0.858,0.838,0.878,2711.02743033013
"110",0.3,1000,5000,6,0.25,0.85,0.812,0.656,2566.74286850932
"111",0.6,1000,5000,6,0.25,0.654,0.62,0.422,2523.14130405774
"112",0.9,1000,5000,6,0.25,0.242,0.23,0.272,2432.0981006816
"113",0,125,15000,6,0.25,0,0,0,4441.84046867285
"114",0.3,125,15000,6,0.25,0,0,0,4286.25787465277
"115",0.6,125,15000,6,0.25,0,0,0,4092.32948494514
"116",0.9,125,15000,6,0.25,0,0,0,3769.81783878684
"117",0,250,15000,6,0.25,0.024,0.022,0.024,5405.83659156521
"118",0.3,250,15000,6,0.25,0.016,0.014,0.02,5281.17184244649
"119",0.6,250,15000,6,0.25,0.014,0.014,0.014,5078.86754236703
"120",0.9,250,15000,6,0.25,0.016,0.016,0.016,4705.65681190549
"121",0,500,15000,6,0.25,0.444,0.42,0.45,6349.76210766373
"122",0.3,500,15000,6,0.25,0.334,0.326,0.242,6219.60613921308
"123",0.6,500,15000,6,0.25,0.162,0.16,0.156,5987.14315835652
"124",0.9,500,15000,6,0.25,0.134,0.13,0.136,5628.48004025388
"125",0,1000,15000,6,0.25,0.828,0.812,0.828,7301.1488922319
"126",0.3,1000,15000,6,0.25,0.754,0.746,0.53,7034.14930218604
"127",0.6,1000,15000,6,0.25,0.514,0.506,0.332,6937.04191923135
"128",0.9,1000,15000,6,0.25,0.21,0.206,0.236,6592.81744540814
"129",0,125,250,9,0.25,0.004,0.002,0.002,108.519015616244
"130",0.3,125,250,9,0.25,0.002,0,0.004,109.737790950652
"131",0.6,125,250,9,0.25,0,0,0,102.861955994317
"132",0.9,125,250,9,0.25,0,0,0.004,94.752958218567
"133",0,250,250,9,0.25,0.228,0.038,0.278,103.274041094489
"134",0.3,250,250,9,0.25,0.18,0.022,0.16,100.77883221567
"135",0.6,250,250,9,0.25,0.142,0.022,0.112,92.7124902386241
"136",0.9,250,250,9,0.25,0.04,0.018,0.048,85.4465104485239
"137",0,500,250,9,0.25,0.726,0.62,0.764,71.7269761960855
"138",0.3,500,250,9,0.25,0.652,0.528,0.604,74.2401732794242
"139",0.6,500,250,9,0.25,0.612,0.504,0.512,65.088957503413
"140",0.9,500,250,9,0.25,0.366,0.358,0.51,36.4768799223654
"141",0,1000,250,9,0.25,0.956,0.956,0.97,19.7331433529643
"142",0.3,1000,250,9,0.25,0.954,0.952,0.918,23.1022152486261
"143",0.6,1000,250,9,0.25,0.92,0.918,0.866,19.4824324578788
"144",0.9,1000,250,9,0.25,0.82,0.822,0.866,6.41826399784468
"145",0,125,1250,9,0.25,0,0,0,529.824239033149
"146",0.3,125,1250,9,0.25,0,0,0,514.676114077971
"147",0.6,125,1250,9,0.25,0,0,0,498.087183002779
"148",0.9,125,1250,9,0.25,0,0,0,455.206049045063
"149",0,250,1250,9,0.25,0.03,0.03,0.042,593.171871151141
"150",0.3,250,1250,9,0.25,0.026,0.014,0.02,601.319211767021
"151",0.6,250,1250,9,0.25,0.01,0.01,0.008,575.805481941655
"152",0.9,250,1250,9,0.25,0.01,0.006,0.006,529.238665224768
"153",0,500,1250,9,0.25,0.44,0.302,0.434,637.387980921374
"154",0.3,500,1250,9,0.25,0.308,0.186,0.214,641.33532273941
"155",0.6,500,1250,9,0.25,0.164,0.112,0.09,612.416858483439
"156",0.9,500,1250,9,0.25,0.068,0.034,0.072,566.060058289583
"157",0,1000,1250,9,0.25,0.814,0.392,0.838,622.699814870418
"158",0.3,1000,1250,9,0.25,0.76,0.338,0.568,609.902661690309
"159",0.6,1000,1250,9,0.25,0.596,0.248,0.252,593.494103506048
"160",0.9,1000,1250,9,0.25,0.188,0.122,0.152,559.877904390895
"161",0,125,5000,9,0.25,0,0,0,1758.44497749647
"162",0.3,125,5000,9,0.25,0,0,0,1725.87939159622
"163",0.6,125,5000,9,0.25,0,0,0,1628.41456062469
"164",0.9,125,5000,9,0.25,0,0,0,1502.95825282518
"165",0,250,5000,9,0.25,0.002,0.002,0.004,2123.20565395838
"166",0.3,250,5000,9,0.25,0.002,0,0,2080.42484283877
"167",0.6,250,5000,9,0.25,0.002,0,0,2012.99624491923
"168",0.9,250,5000,9,0.25,0.002,0.002,0.002,1846.397347452
"169",0,500,5000,9,0.25,0.198,0.18,0.21,2411.03551128747
"170",0.3,500,5000,9,0.25,0.118,0.106,0.078,2400.57701463966
"171",0.6,500,5000,9,0.25,0.044,0.04,0.038,2334.45991218922
"172",0.9,500,5000,9,0.25,0.022,0.014,0.026,2202.75653088387
"173",0,1000,5000,9,0.25,0.642,0.586,0.66,2705.40936471638
"174",0.3,1000,5000,9,0.25,0.554,0.48,0.33,2672.24377455862
"175",0.6,1000,5000,9,0.25,0.334,0.314,0.19,2582.75320288065
"176",0.9,1000,5000,9,0.25,0.1,0.092,0.102,2446.36174027982
"177",0,125,15000,9,0.25,0,0,0,4513.39700266072
"178",0.3,125,15000,9,0.25,0,0,0,4356.44928511585
"179",0.6,125,15000,9,0.25,0,0,0,4166.80803161048
"180",0.9,125,15000,9,0.25,0,0,0,3851.99837497988
"181",0,250,15000,9,0.25,0,0,0,5547.81470822671
"182",0.3,250,15000,9,0.25,0,0,0,5460.7776366646
"183",0.6,250,15000,9,0.25,0,0,0,5212.44724787335
"184",0.9,250,15000,9,0.25,0,0,0,4824.83676612271
"185",0,500,15000,9,0.25,0.088,0.076,0.088,6504.35753567534
"186",0.3,500,15000,9,0.25,0.076,0.07,0.034,6351.62979374977
"187",0.6,500,15000,9,0.25,0.022,0.02,0.02,6169.73575666771
"188",0.9,500,15000,9,0.25,0.016,0.016,0.012,5771.99601477991
"189",0,1000,15000,9,0.25,0.562,0.544,0.568,7279.3890085564
"190",0.3,1000,15000,9,0.25,0.39,0.378,0.21,7335.07653593568
"191",0.6,1000,15000,9,0.25,0.186,0.178,0.116,7095.12430773287
"192",0.9,1000,15000,9,0.25,0.082,0.076,0.084,6690.29574423302
"193",0,125,250,12,0.25,0.002,0,0,113.562407524428
"194",0.3,125,250,12,0.25,0,0,0,111.979237514403
"195",0.6,125,250,12,0.25,0,0,0,106.090563841297
"196",0.9,125,250,12,0.25,0,0,0,97.4076589877349
"197",0,250,250,12,0.25,0.062,0.008,0.052,104.575120572053
"198",0.3,250,250,12,0.25,0.042,0,0.042,102.456786486388
"199",0.6,250,250,12,0.25,0.02,0,0.006,95.827409741503
"200",0.9,250,250,12,0.25,0.004,0,0.004,88.4577478105295
"201",0,500,250,12,0.25,0.55,0.466,0.58,73.2948625296349
"202",0.3,500,250,12,0.25,0.422,0.328,0.294,74.7563947749454
"203",0.6,500,250,12,0.25,0.356,0.276,0.266,66.3356417810792
"204",0.9,500,250,12,0.25,0.2,0.172,0.236,37.8548363820099
"205",0,1000,250,12,0.25,0.902,0.904,0.898,20.8842223409385
"206",0.3,1000,250,12,0.25,0.85,0.844,0.756,24.6740728674373
"207",0.6,1000,250,12,0.25,0.854,0.852,0.752,19.7875203937692
"208",0.9,1000,250,12,0.25,0.656,0.66,0.76,6.67265403371368
"209",0,125,1250,12,0.25,0,0,0,536.829769415389
"210",0.3,125,1250,12,0.25,0,0,0,528.33653006468
"211",0.6,125,1250,12,0.25,0,0,0,498.498177290679
"212",0.9,125,1250,12,0.25,0,0,0,458.669123184791
"213",0,250,1250,12,0.25,0.004,0.004,0.004,617.197284358158
"214",0.3,250,1250,12,0.25,0,0,0,605.448726072629
"215",0.6,250,1250,12,0.25,0,0,0.002,591.364604365826
"216",0.9,250,1250,12,0.25,0,0,0,543.316596978441
"217",0,500,1250,12,0.25,0.162,0.098,0.202,656.726846067417
"218",0.3,500,1250,12,0.25,0.118,0.064,0.042,648.818488684439
"219",0.6,500,1250,12,0.25,0.076,0.038,0.02,622.25043553695
"220",0.9,500,1250,12,0.25,0.012,0.006,0.014,597.16511433299
"221",0,1000,1250,12,0.25,0.648,0.182,0.662,628.922953080466
"222",0.3,1000,1250,12,0.25,0.538,0.096,0.298,639.455220904392
"223",0.6,1000,1250,12,0.25,0.364,0.086,0.13,608.38612620422
"224",0.9,1000,1250,12,0.25,0.094,0.036,0.066,573.637621919415
"225",0,125,5000,12,0.25,0,0,0,1760.28836182883
"226",0.3,125,5000,12,0.25,0,0,0,1754.40355098307
"227",0.6,125,5000,12,0.25,0,0,0,1640.31583652752
"228",0.9,125,5000,12,0.25,0,0,0,1545.83138604924
"229",0,250,5000,12,0.25,0,0,0,2156.32205160169
"230",0.3,250,5000,12,0.25,0,0,0,2106.03079658352
"231",0.6,250,5000,12,0.25,0,0,0,2031.21739707927
"232",0.9,250,5000,12,0.25,0,0,0,1894.5467309503
"233",0,500,5000,12,0.25,0.03,0.022,0.022,2484.57926528113
"234",0.3,500,5000,12,0.25,0.012,0.008,0.008,2454.8233243084
"235",0.6,500,5000,12,0.25,0.002,0.004,0,2396.62993370442
"236",0.9,500,5000,12,0.25,0.002,0.004,0.002,2210.63631268834
"237",0,1000,5000,12,0.25,0.392,0.346,0.4,2730.93513801385
"238",0.3,1000,5000,12,0.25,0.314,0.266,0.156,2646.55323758318
"239",0.6,1000,5000,12,0.25,0.126,0.098,0.056,2667.13434252025
"240",0.9,1000,5000,12,0.25,0.044,0.04,0.046,2484.83384465039
"241",0,125,15000,12,0.25,0,0,0,4562.2663333922
"242",0.3,125,15000,12,0.25,0,0,0,4455.41448934307
"243",0.6,125,15000,12,0.25,0,0,0,4174.05950362943
"244",0.9,125,15000,12,0.25,0,0,0,3902.76826339374
"245",0,250,15000,12,0.25,0,0,0,5656.22650566039
"246",0.3,250,15000,12,0.25,0,0,0,5558.8221347828
"247",0.6,250,15000,12,0.25,0,0,0,5236.45494362294
"248",0.9,250,15000,12,0.25,0,0,0,4880.03549725046
"249",0,500,15000,12,0.25,0.01,0.01,0.014,6572.81508439446
"250",0.3,500,15000,12,0.25,0.008,0.006,0,6457.81578961813
"251",0.6,500,15000,12,0.25,0.004,0.004,0.002,6296.52109121151
"252",0.9,500,15000,12,0.25,0,0,0,5855.27137705077
"253",0,1000,15000,12,0.25,0.256,0.228,0.256,7440.39229488938
"254",0.3,1000,15000,12,0.25,0.146,0.132,0.046,7390.72966225125
"255",0.6,1000,15000,12,0.25,0.07,0.072,0.026,7145.54578840209
"256",0.9,1000,15000,12,0.25,0.024,0.022,0.028,6835.1387058785
"257",0,125,250,15,0.25,0,0,0,114.090393358057
"258",0.3,125,250,15,0.25,0,0,0,114.853935824446
"259",0.6,125,250,15,0.25,0,0,0,108.260116732111
"260",0.9,125,250,15,0.25,0,0,0,97.2784271549544
"261",0,250,250,15,0.25,0.014,0,0.01,107.4527530537
"262",0.3,250,250,15,0.25,0.006,0,0,105.613493080183
"263",0.6,250,250,15,0.25,0.002,0,0,99.385414598439
"264",0.9,250,250,15,0.25,0.002,0,0,90.5159363114301
"265",0,500,250,15,0.25,0.352,0.264,0.32,75.001411667439
"266",0.3,500,250,15,0.25,0.282,0.186,0.178,75.9990171511688
"267",0.6,500,250,15,0.25,0.19,0.124,0.122,68.2503739555801
"268",0.9,500,250,15,0.25,0.064,0.064,0.084,39.4663816216744
"269",0,1000,250,15,0.25,0.824,0.826,0.836,21.2807973656261
"270",0.3,1000,250,15,0.25,0.774,0.768,0.642,25.040788099901
"271",0.6,1000,250,15,0.25,0.696,0.696,0.652,20.9731408370542
"272",0.9,1000,250,15,0.25,0.62,0.618,0.68,6.721245890806
"273",0,125,1250,15,0.25,0,0,0,544.34026374517
"274",0.3,125,1250,15,0.25,0,0,0,538.985981238779
"275",0.6,125,1250,15,0.25,0,0,0,499.879141924113
"276",0.9,125,1250,15,0.25,0,0,0,459.708833835416
"277",0,250,1250,15,0.25,0,0,0,625.245673931642
"278",0.3,250,1250,15,0.25,0,0,0,616.574551166356
"279",0.6,250,1250,15,0.25,0,0,0,597.907667526984
"280",0.9,250,1250,15,0.25,0,0,0,558.817203533762
"281",0,500,1250,15,0.25,0.062,0.03,0.062,668.43348301179
"282",0.3,500,1250,15,0.25,0.034,0.006,0.008,663.936659640679
"283",0.6,500,1250,15,0.25,0.014,0.006,0.006,641.450820840169
"284",0.9,500,1250,15,0.25,0.004,0,0,605.253935908532
"285",0,1000,1250,15,0.25,0.484,0.052,0.466,646.604919470147
"286",0.3,1000,1250,15,0.25,0.384,0.064,0.134,636.545541752083
"287",0.6,1000,1250,15,0.25,0.23,0.014,0.044,606.54784214037
"288",0.9,1000,1250,15,0.25,0.022,0.008,0.012,590.780843283734
"289",0,125,5000,15,0.25,0,0,0,1785.31684496396
"290",0.3,125,5000,15,0.25,0,0,0,1763.31383304387
"291",0.6,125,5000,15,0.25,0,0,0,1643.0650281006
"292",0.9,125,5000,15,0.25,0,0,0,1530.94932928565
"293",0,250,5000,15,0.25,0,0,0,2194.24924793184
"294",0.3,250,5000,15,0.25,0,0,0,2140.03589472721
"295",0.6,250,5000,15,0.25,0,0,0,2063.5870104645
"296",0.9,250,5000,15,0.25,0,0,0,1916.73265116273
"297",0,500,5000,15,0.25,0.004,0.002,0.006,2516.21236658206
"298",0.3,500,5000,15,0.25,0.002,0.002,0,2495.24192244304
"299",0.6,500,5000,15,0.25,0.002,0.002,0.002,2446.75359762712
"300",0.9,500,5000,15,0.25,0,0,0,2289.18789765323
"301",0,1000,5000,15,0.25,0.236,0.194,0.224,2713.7900682798
"302",0.3,1000,5000,15,0.25,0.126,0.088,0.05,2729.22000297603
"303",0.6,1000,5000,15,0.25,0.054,0.048,0.016,2698.19276437845
"304",0.9,1000,5000,15,0.25,0.016,0.014,0.02,2545.00090889963
"305",0,125,15000,15,0.25,0,0,0,4616.35220373253
"306",0.3,125,15000,15,0.25,0,0,0,4420.81726194878
"307",0.6,125,15000,15,0.25,0,0,0,4186.46128871372
"308",0.9,125,15000,15,0.25,0,0,0,3888.00156728242
"309",0,250,15000,15,0.25,0,0,0,5638.96587275217
"310",0.3,250,15000,15,0.25,0,0,0,5575.11605460022
"311",0.6,250,15000,15,0.25,0,0,0,5304.67074354983
"312",0.9,250,15000,15,0.25,0,0,0,4895.35949086886
"313",0,500,15000,15,0.25,0,0,0.006,6611.8347744165
"314",0.3,500,15000,15,0.25,0,0,0,6583.77784299447
"315",0.6,500,15000,15,0.25,0,0,0,6421.40346846166
"316",0.9,500,15000,15,0.25,0,0,0,6008.06434014345
"317",0,1000,15000,15,0.25,0.102,0.092,0.096,7491.55474665707
"318",0.3,1000,15000,15,0.25,0.07,0.068,0.024,7464.92451481012
"319",0.6,1000,15000,15,0.25,0.014,0.014,0.004,7404.68646615849
"320",0.9,1000,15000,15,0.25,0.004,0.004,0.004,6942.3883185353
"321",0,125,250,3,0.5,0.97,0.922,0.964,73.4514030239501
"322",0.3,125,250,3,0.5,0.956,0.928,0.94,72.6593643689038
"323",0.6,125,250,3,0.5,0.872,0.822,0.822,70.8487160749174
"324",0.9,125,250,3,0.5,0.514,0.524,0.608,90.8742177335213
"325",0,250,250,3,0.5,0.996,0.98,0.998,66.9405238727683
"326",0.3,250,250,3,0.5,0.996,0.968,0.99,66.4330670444257
"327",0.6,250,250,3,0.5,0.982,0.96,0.904,61.0308721940579
"328",0.9,250,250,3,0.5,0.846,0.886,0.748,56.0557114761799
"329",0,500,250,3,0.5,1,1,1,45.1629131020808
"330",0.3,500,250,3,0.5,1,1,0.992,45.9153381932787
"331",0.6,500,250,3,0.5,1,1,0.988,41.0823083539213
"332",0.9,500,250,3,0.5,0.962,0.966,0.974,22.5119986521983
"333",0,1000,250,3,0.5,1,1,1,10.7151941275858
"334",0.3,1000,250,3,0.5,1,1,0.998,12.3977166381962
"335",0.6,1000,250,3,0.5,1,1,0.988,11.1307814496287
"336",0.9,1000,250,3,0.5,0.998,0.998,0.992,5.08777890836542
"337",0,125,1250,3,0.5,0.896,0.882,0.894,372.387786591494
"338",0.3,125,1250,3,0.5,0.848,0.828,0.822,355.752267925369
"339",0.6,125,1250,3,0.5,0.63,0.622,0.646,354.352560045274
"340",0.9,125,1250,3,0.5,0.426,0.426,0.488,339.559899768445
"341",0,250,1250,3,0.5,0.984,0.984,0.986,402.410633096305
"342",0.3,250,1250,3,0.5,0.982,0.98,0.942,405.945529263858
"343",0.6,250,1250,3,0.5,0.92,0.918,0.794,387.629635492481
"344",0.9,250,1250,3,0.5,0.49,0.492,0.62,380.908293862454
"345",0,500,1250,3,0.5,0.998,0.994,0.998,432.259760351977
"346",0.3,500,1250,3,0.5,1,1,0.994,419.347914265794
"347",0.6,500,1250,3,0.5,0.988,0.988,0.828,409.258612199753
"348",0.9,500,1250,3,0.5,0.602,0.644,0.64,409.465213058964
"349",0,1000,1250,3,0.5,1,0.992,1,414.384783517475
"350",0.3,1000,1250,3,0.5,1,0.996,0.976,410.324946144513
"351",0.6,1000,1250,3,0.5,0.998,0.992,0.852,383.925028520861
"352",0.9,1000,1250,3,0.5,0.924,0.922,0.696,368.822009372884
"353",0,125,5000,3,0.5,0.76,0.752,0.75,1315.16555966529
"354",0.3,125,5000,3,0.5,0.69,0.69,0.69,1259.10892763605
"355",0.6,125,5000,3,0.5,0.46,0.458,0.518,1272.94149616367
"356",0.9,125,5000,3,0.5,0.414,0.414,0.446,1177.03642204191
"357",0,250,5000,3,0.5,0.984,0.982,0.978,1448.99727268736
"358",0.3,250,5000,3,0.5,0.938,0.938,0.894,1443.6747350319
"359",0.6,250,5000,3,0.5,0.78,0.78,0.734,1398.57122224367
"360",0.9,250,5000,3,0.5,0.498,0.498,0.554,1387.01202709797
"361",0,500,5000,3,0.5,0.998,0.996,0.998,1674.86349521112
"362",0.3,500,5000,3,0.5,0.998,0.992,0.946,1634.28935210741
"363",0.6,500,5000,3,0.5,0.94,0.936,0.79,1591.88329445853
"364",0.9,500,5000,3,0.5,0.502,0.502,0.588,1595.07131669238
"365",0,1000,5000,3,0.5,1,1,1,1794.86384346515
"366",0.3,1000,5000,3,0.5,1,0.998,0.958,1762.48592604393
"367",0.6,1000,5000,3,0.5,0.996,0.992,0.828,1688.34994194887
"368",0.9,1000,5000,3,0.5,0.616,0.636,0.684,1768.36301535417
"369",0,125,15000,3,0.5,0.618,0.616,0.632,3508.77454937749
"370",0.3,125,15000,3,0.5,0.554,0.554,0.558,3412.99483287925
"371",0.6,125,15000,3,0.5,0.404,0.404,0.436,3337.01717080273
"372",0.9,125,15000,3,0.5,0.362,0.364,0.378,3183.98162108034
"373",0,250,15000,3,0.5,0.948,0.95,0.946,3975.29455168104
"374",0.3,250,15000,3,0.5,0.912,0.912,0.826,3937.13953847954
"375",0.6,250,15000,3,0.5,0.646,0.646,0.668,3812.35256518492
"376",0.9,250,15000,3,0.5,0.516,0.516,0.554,3638.18686362334
"377",0,500,15000,3,0.5,0.992,0.992,0.994,4585.54540095466
"378",0.3,500,15000,3,0.5,0.978,0.98,0.928,4460.28305164455
"379",0.6,500,15000,3,0.5,0.904,0.902,0.754,4344.80099855155
"380",0.9,500,15000,3,0.5,0.482,0.482,0.582,4348.4779189807
"381",0,1000,15000,3,0.5,1,1,1,5012.25188829856
"382",0.3,1000,15000,3,0.5,1,1,0.958,4971.88870695923
"383",0.6,1000,15000,3,0.5,0.974,0.972,0.79,4970.89151891458
"384",0.9,1000,15000,3,0.5,0.556,0.556,0.662,4865.41100221393
"385",0,125,250,6,0.5,0.602,0.504,0.516,76.8941713464567
"386",0.3,125,250,6,0.5,0.508,0.394,0.38,77.8586927177557
"387",0.6,125,250,6,0.5,0.35,0.272,0.252,76.1436748556755
"388",0.9,125,250,6,0.5,0.188,0.154,0.164,73.4014097367367
"389",0,250,250,6,0.5,0.942,0.766,0.954,68.6064624444461
"390",0.3,250,250,6,0.5,0.922,0.732,0.824,68.3218773555484
"391",0.6,250,250,6,0.5,0.822,0.654,0.526,64.5999077874671
"392",0.9,250,250,6,0.5,0.474,0.492,0.344,58.8343923189062
"393",0,500,250,6,0.5,0.994,0.99,0.99,45.1609658683601
"394",0.3,500,250,6,0.5,0.996,0.982,0.954,46.951646273439
"395",0.6,500,250,6,0.5,0.966,0.954,0.892,42.1520615282701
"396",0.9,500,250,6,0.5,0.866,0.888,0.92,24.2714230753229
"397",0,1000,250,6,0.5,1,1,1,10.3522995880955
"398",0.3,1000,250,6,0.5,1,1,0.986,12.6893447655024
"399",0.6,1000,250,6,0.5,0.998,0.998,0.972,11.3648965391367
"400",0.9,1000,250,6,0.5,0.968,0.966,0.958,5.05957974675654
"401",0,125,1250,6,0.5,0.202,0.186,0.188,407.725525059541
"402",0.3,125,1250,6,0.5,0.128,0.12,0.118,392.593025365718
"403",0.6,125,1250,6,0.5,0.096,0.096,0.088,384.733121768459
"404",0.9,125,1250,6,0.5,0.07,0.066,0.052,367.314901690036
"405",0,250,1250,6,0.5,0.748,0.71,0.742,412.285403034359
"406",0.3,250,1250,6,0.5,0.67,0.61,0.514,411.161957264234
"407",0.6,250,1250,6,0.5,0.476,0.458,0.338,398.558314311134
"408",0.9,250,1250,6,0.5,0.226,0.214,0.28,391.67778432567
"409",0,500,1250,6,0.5,0.964,0.936,0.978,431.152864204218
"410",0.3,500,1250,6,0.5,0.968,0.908,0.792,433.547877235299
"411",0.6,500,1250,6,0.5,0.844,0.776,0.444,424.97071738922
"412",0.9,500,1250,6,0.5,0.314,0.342,0.336,408.837598144532
"413",0,1000,1250,6,0.5,0.998,0.946,1,414.491993476843
"414",0.3,1000,1250,6,0.5,0.99,0.944,0.838,409.984335552733
"415",0.6,1000,1250,6,0.5,0.98,0.876,0.522,397.392250504908
"416",0.9,1000,1250,6,0.5,0.64,0.642,0.332,382.269937992269
"417",0,125,5000,6,0.5,0.04,0.036,0.038,1457.83354110711
"418",0.3,125,5000,6,0.5,0.034,0.036,0.024,1413.97235576724
"419",0.6,125,5000,6,0.5,0.01,0.01,0.006,1400.84341173858
"420",0.9,125,5000,6,0.5,0.016,0.016,0.014,1290.33486905287
"421",0,250,5000,6,0.5,0.558,0.552,0.544,1544.81465442609
"422",0.3,250,5000,6,0.5,0.448,0.44,0.33,1516.5304264239
"423",0.6,250,5000,6,0.5,0.232,0.234,0.202,1519.12687080315
"424",0.9,250,5000,6,0.5,0.16,0.16,0.15,1450.16498467977
"425",0,500,5000,6,0.5,0.906,0.898,0.904,1640.71330562225
"426",0.3,500,5000,6,0.5,0.842,0.834,0.652,1678.13155511198
"427",0.6,500,5000,6,0.5,0.628,0.62,0.384,1623.2594090786
"428",0.9,500,5000,6,0.5,0.224,0.226,0.26,1589.77805756614
"429",0,1000,5000,6,0.5,0.99,0.984,0.988,1842.73818826315
"430",0.3,1000,5000,6,0.5,0.976,0.968,0.79,1749.11465564965
"431",0.6,1000,5000,6,0.5,0.882,0.882,0.502,1750.17073160112
"432",0.9,1000,5000,6,0.5,0.294,0.294,0.314,1777.36674338698
"433",0,125,15000,6,0.5,0.018,0.018,0.016,3948.2674955419
"434",0.3,125,15000,6,0.5,0.01,0.01,0.012,3827.63868728958
"435",0.6,125,15000,6,0.5,0.008,0.008,0.01,3732.5369666674
"436",0.9,125,15000,6,0.5,0.002,0.002,0.004,3420.43787381553
"437",0,250,15000,6,0.5,0.354,0.354,0.35,4178.18493978085
"438",0.3,250,15000,6,0.5,0.268,0.268,0.214,4122.66528319624
"439",0.6,250,15000,6,0.5,0.114,0.11,0.102,4138.36432368556
"440",0.9,250,15000,6,0.5,0.092,0.092,0.1,3846.5947740844
"441",0,500,15000,6,0.5,0.874,0.872,0.86,4623.45219975931
"442",0.3,500,15000,6,0.5,0.796,0.79,0.57,4511.50058819567
"443",0.6,500,15000,6,0.5,0.454,0.454,0.316,4492.1009925232
"444",0.9,500,15000,6,0.5,0.244,0.242,0.258,4371.40468168359
"445",0,1000,15000,6,0.5,0.976,0.972,0.978,5043.6617806597
"446",0.3,1000,15000,6,0.5,0.956,0.952,0.726,4912.36524538768
"447",0.6,1000,15000,6,0.5,0.772,0.774,0.436,4967.14513196218
"448",0.9,1000,15000,6,0.5,0.246,0.246,0.286,4948.90543593653
"449",0,125,250,9,0.5,0.15,0.092,0.096,81.4538780415037
"450",0.3,125,250,9,0.5,0.096,0.044,0.034,85.3530401901433
"451",0.6,125,250,9,0.5,0.07,0.036,0.016,80.484836042249
"452",0.9,125,250,9,0.5,0.024,0.014,0.024,77.2727739909466
"453",0,250,250,9,0.5,0.746,0.462,0.686,71.9613391519693
"454",0.3,250,250,9,0.5,0.708,0.38,0.466,71.2971778389148
"455",0.6,250,250,9,0.5,0.516,0.296,0.262,67.4581596502586
"456",0.9,250,250,9,0.5,0.212,0.172,0.126,63.4150842565272
"457",0,500,250,9,0.5,0.968,0.952,0.964,46.1614681215793
"458",0.3,500,250,9,0.5,0.946,0.92,0.816,49.2431539314549
"459",0.6,500,250,9,0.5,0.898,0.87,0.742,44.8736705188964
"460",0.9,500,250,9,0.5,0.7,0.71,0.768,25.9515970708737
"461",0,1000,250,9,0.5,0.998,0.998,1,10.5545969296047
"462",0.3,1000,250,9,0.5,0.996,0.996,0.962,12.7512055716678
"463",0.6,1000,250,9,0.5,0.992,0.992,0.928,11.7874603623634
"464",0.9,1000,250,9,0.5,0.942,0.94,0.946,5.17262250988763
"465",0,125,1250,9,0.5,0.006,0.004,0.006,430.434725340718
"466",0.3,125,1250,9,0.5,0,0,0,424.739804478105
"467",0.6,125,1250,9,0.5,0,0,0,424.072593219559
"468",0.9,125,1250,9,0.5,0,0,0,395.201857385158
"469",0,250,1250,9,0.5,0.346,0.314,0.308,419.646848463146
"470",0.3,250,1250,9,0.5,0.286,0.256,0.14,443.052111606892
"471",0.6,250,1250,9,0.5,0.11,0.104,0.072,442.389794681487
"472",0.9,250,1250,9,0.5,0.038,0.036,0.032,412.109228858937
"473",0,500,1250,9,0.5,0.864,0.794,0.836,427.033379447238
"474",0.3,500,1250,9,0.5,0.732,0.656,0.448,446.946290716516
"475",0.6,500,1250,9,0.5,0.542,0.504,0.212,435.589916869712
"476",0.9,500,1250,9,0.5,0.126,0.132,0.142,416.255460748387
"477",0,1000,1250,9,0.5,0.98,0.81,0.978,403.841407066657
"478",0.3,1000,1250,9,0.5,0.954,0.776,0.708,406.312594272503
"479",0.6,1000,1250,9,0.5,0.874,0.652,0.33,414.047040637116
"480",0.9,1000,1250,9,0.5,0.384,0.384,0.188,396.977456901206
"481",0,125,5000,9,0.5,0,0,0,1542.45167604898
"482",0.3,125,5000,9,0.5,0,0,0,1534.581080792
"483",0.6,125,5000,9,0.5,0,0,0,1503.83377367865
"484",0.9,125,5000,9,0.5,0,0,0,1365.51417400661
"485",0,250,5000,9,0.5,0.122,0.114,0.122,1628.61484425906
"486",0.3,250,5000,9,0.5,0.09,0.084,0.056,1626.34676403997
"487",0.6,250,5000,9,0.5,0.026,0.028,0.028,1620.98625260266
"488",0.9,250,5000,9,0.5,0.018,0.018,0.012,1499.9450781827
"489",0,500,5000,9,0.5,0.654,0.64,0.652,1673.8313531324
"490",0.3,500,5000,9,0.5,0.548,0.524,0.28,1725.26999546181
"491",0.6,500,5000,9,0.5,0.244,0.25,0.132,1732.54649845968
"492",0.9,500,5000,9,0.5,0.082,0.078,0.072,1697.02763441986
"493",0,1000,5000,9,0.5,0.934,0.926,0.944,1826.34730094747
"494",0.3,1000,5000,9,0.5,0.868,0.85,0.522,1858.03622931039
"495",0.6,1000,5000,9,0.5,0.698,0.676,0.278,1810.7491968457
"496",0.9,1000,5000,9,0.5,0.138,0.14,0.15,1796.31512564343
"497",0,125,15000,9,0.5,0,0,0,4182.74487091676
"498",0.3,125,15000,9,0.5,0,0,0,4088.37508685754
"499",0.6,125,15000,9,0.5,0,0,0,3901.74514314878
"500",0.9,125,15000,9,0.5,0,0,0,3660.8463308761
"501",0,250,15000,9,0.5,0.04,0.042,0.038,4465.16219646249
"502",0.3,250,15000,9,0.5,0.024,0.026,0.016,4504.20801489752
"503",0.6,250,15000,9,0.5,0.01,0.01,0.006,4367.2057489333
"504",0.9,250,15000,9,0.5,0.008,0.01,0.012,4051.05666730865
"505",0,500,15000,9,0.5,0.472,0.46,0.478,4723.0661583601
"506",0.3,500,15000,9,0.5,0.368,0.36,0.2,4720.92581253985
"507",0.6,500,15000,9,0.5,0.156,0.158,0.096,4759.02468937484
"508",0.9,500,15000,9,0.5,0.06,0.058,0.048,4583.73241555305
"509",0,1000,15000,9,0.5,0.892,0.892,0.89,4963.79566548343
"510",0.3,1000,15000,9,0.5,0.764,0.75,0.42,5237.26350833545
"511",0.6,1000,15000,9,0.5,0.442,0.45,0.2,5158.91604642495
"512",0.9,1000,15000,9,0.5,0.118,0.116,0.132,5065.85730921607
"513",0,125,250,12,0.5,0.024,0.014,0.004,87.7083710076994
"514",0.3,125,250,12,0.5,0.01,0.004,0,90.837493101668
"515",0.6,125,250,12,0.5,0,0,0,88.6510895445361
"516",0.9,125,250,12,0.5,0,0,0,82.1519018325373
"517",0,250,250,12,0.5,0.512,0.212,0.398,72.5447298114478
"518",0.3,250,250,12,0.5,0.414,0.172,0.192,72.7201229525684
"519",0.6,250,250,12,0.5,0.258,0.104,0.064,71.9005930243753
"520",0.9,250,250,12,0.5,0.1,0.058,0.022,66.8072669498592
"521",0,500,250,12,0.5,0.908,0.868,0.902,47.0811766321905
"522",0.3,500,250,12,0.5,0.854,0.81,0.656,49.5968310810168
"523",0.6,500,250,12,0.5,0.79,0.74,0.56,45.9475447956118
"524",0.9,500,250,12,0.5,0.52,0.548,0.55,27.5028639388007
"525",0,1000,250,12,0.5,0.994,0.992,0.988,11.4418827176672
"526",0.3,1000,250,12,0.5,0.978,0.978,0.92,14.1201496543795
"527",0.6,1000,250,12,0.5,0.982,0.98,0.87,11.9862098443942
"528",0.9,1000,250,12,0.5,0.906,0.91,0.916,5.4000269566004
"529",0,125,1250,12,0.5,0,0,0,459.785194010318
"530",0.3,125,1250,12,0.5,0,0,0,465.183571140168
"531",0.6,125,1250,12,0.5,0,0,0,442.941146846975
"532",0.9,125,1250,12,0.5,0,0,0,409.42389262232
"533",0,250,1250,12,0.5,0.08,0.066,0.068,455.196680915446
"534",0.3,250,1250,12,0.5,0.056,0.048,0.024,456.735820574738
"535",0.6,250,1250,12,0.5,0.016,0.018,0.004,457.228133198781
"536",0.9,250,1250,12,0.5,0.008,0.004,0.012,439.215210217903
"537",0,500,1250,12,0.5,0.626,0.492,0.574,443.720163353687
"538",0.3,500,1250,12,0.5,0.566,0.436,0.252,451.991723993773
"539",0.6,500,1250,12,0.5,0.354,0.302,0.076,446.789955065972
"540",0.9,500,1250,12,0.5,0.038,0.038,0.042,454.717214498608
"541",0,1000,1250,12,0.5,0.916,0.656,0.926,407.125155764012
"542",0.3,1000,1250,12,0.5,0.87,0.55,0.478,434.615055885362
"543",0.6,1000,1250,12,0.5,0.746,0.456,0.194,427.052238490099
"544",0.9,1000,1250,12,0.5,0.24,0.208,0.092,410.141074025406
"545",0,125,5000,12,0.5,0,0,0,1631.09853159639
"546",0.3,125,5000,12,0.5,0,0,0,1614.21529789085
"547",0.6,125,5000,12,0.5,0,0,0,1554.85179844305
"548",0.9,125,5000,12,0.5,0,0,0,1440.44008845145
"549",0,250,5000,12,0.5,0.01,0.01,0.006,1680.1069828865
"550",0.3,250,5000,12,0.5,0.002,0.002,0.004,1736.14230089056
"551",0.6,250,5000,12,0.5,0.004,0.006,0,1680.54440038516
"552",0.9,250,5000,12,0.5,0.004,0.004,0.004,1613.43763808116
"553",0,500,5000,12,0.5,0.338,0.324,0.32,1776.71412907133
"554",0.3,500,5000,12,0.5,0.258,0.248,0.086,1776.3339909698
"555",0.6,500,5000,12,0.5,0.076,0.064,0.024,1801.48061253117
"556",0.9,500,5000,12,0.5,0.018,0.02,0.016,1701.38450826002
"557",0,1000,5000,12,0.5,0.8,0.776,0.808,1830.32816962266
"558",0.3,1000,5000,12,0.5,0.732,0.708,0.326,1802.62989685418
"559",0.6,1000,5000,12,0.5,0.384,0.384,0.12,1916.02093796132
"560",0.9,1000,5000,12,0.5,0.072,0.066,0.074,1835.18235505755
"561",0,125,15000,12,0.5,0,0,0,4321.38485952232
"562",0.3,125,15000,12,0.5,0,0,0,4227.48486639151
"563",0.6,125,15000,12,0.5,0,0,0,3982.7253902793
"564",0.9,125,15000,12,0.5,0,0,0,3748.9806020202
"565",0,250,15000,12,0.5,0,0,0,4746.77080895339
"566",0.3,250,15000,12,0.5,0,0,0,4747.05730289015
"567",0.6,250,15000,12,0.5,0,0,0,4567.49222303203
"568",0.9,250,15000,12,0.5,0,0,0,4250.60083591177
"569",0,500,15000,12,0.5,0.19,0.192,0.184,4803.49308986305
"570",0.3,500,15000,12,0.5,0.112,0.116,0.042,4877.69270672423
"571",0.6,500,15000,12,0.5,0.022,0.02,0.012,4936.55321664343
"572",0.9,500,15000,12,0.5,0.018,0.016,0.022,4586.37701568978
"573",0,1000,15000,12,0.5,0.694,0.68,0.688,5120.70490593544
"574",0.3,1000,15000,12,0.5,0.55,0.546,0.206,5281.79084427981
"575",0.6,1000,15000,12,0.5,0.248,0.25,0.11,5188.18458444666
"576",0.9,1000,15000,12,0.5,0.056,0.056,0.06,5235.28130993089
"577",0,125,250,15,0.5,0,0,0,91.9472978766437
"578",0.3,125,250,15,0.5,0.002,0,0,95.8917885632412
"579",0.6,125,250,15,0.5,0,0,0,90.8043058096565
"580",0.9,125,250,15,0.5,0,0,0,84.9451338353158
"581",0,250,250,15,0.5,0.274,0.078,0.148,75.4289605992962
"582",0.3,250,250,15,0.5,0.2,0.046,0.042,77.7491794141868
"583",0.6,250,250,15,0.5,0.084,0.01,0.016,76.333487217506
"584",0.9,250,250,15,0.5,0.018,0.006,0.006,70.5065491389326
"585",0,500,250,15,0.5,0.824,0.76,0.736,48.5042173798931
"586",0.3,500,250,15,0.5,0.742,0.676,0.422,51.4568029053426
"587",0.6,500,250,15,0.5,0.606,0.554,0.332,48.3340446519085
"588",0.9,500,250,15,0.5,0.366,0.386,0.38,29.1303719081965
"589",0,1000,250,15,0.5,0.994,0.994,0.974,11.5598503943358
"590",0.3,1000,250,15,0.5,0.962,0.962,0.82,14.3812565458455
"591",0.6,1000,250,15,0.5,0.936,0.938,0.83,13.0657921454802
"592",0.9,1000,250,15,0.5,0.852,0.848,0.85,5.49854820120119
"593",0,125,1250,15,0.5,0,0,0,480.15374268186
"594",0.3,125,1250,15,0.5,0,0,0,477.399332673728
"595",0.6,125,1250,15,0.5,0,0,0,453.502933272961
"596",0.9,125,1250,15,0.5,0,0,0,428.374140176746
"597",0,250,1250,15,0.5,0.01,0.01,0.006,468.900533723368
"598",0.3,250,1250,15,0.5,0.008,0.01,0.004,485.832626190416
"599",0.6,250,1250,15,0.5,0.004,0.004,0,479.762537387482
"600",0.9,250,1250,15,0.5,0,0,0.002,459.536496080497
"601",0,500,1250,15,0.5,0.416,0.31,0.324,454.039727901921
"602",0.3,500,1250,15,0.5,0.292,0.212,0.11,470.85518519548
"603",0.6,500,1250,15,0.5,0.15,0.104,0.03,467.008789614154
"604",0.9,500,1250,15,0.5,0.016,0.012,0.01,460.949438504656
"605",0,1000,1250,15,0.5,0.87,0.494,0.8,421.385502163305
"606",0.3,1000,1250,15,0.5,0.808,0.414,0.328,426.73659743343
"607",0.6,1000,1250,15,0.5,0.638,0.29,0.112,422.997081085098
"608",0.9,1000,1250,15,0.5,0.128,0.122,0.024,426.55450578801
"609",0,125,5000,15,0.5,0,0,0,1676.98990552948
"610",0.3,125,5000,15,0.5,0,0,0,1652.76827655968
"611",0.6,125,5000,15,0.5,0,0,0,1584.18192845252
"612",0.9,125,5000,15,0.5,0,0,0,1470.07920094792
"613",0,250,5000,15,0.5,0,0,0,1792.67572581989
"614",0.3,250,5000,15,0.5,0,0,0,1792.42940538791
"615",0.6,250,5000,15,0.5,0,0,0,1796.31761842894
"616",0.9,250,5000,15,0.5,0,0,0,1656.27657025576
"617",0,500,5000,15,0.5,0.1,0.1,0.094,1795.62816579385
"618",0.3,500,5000,15,0.5,0.084,0.086,0.026,1817.42792183892
"619",0.6,500,5000,15,0.5,0.02,0.016,0.012,1903.42344451796
"620",0.9,500,5000,15,0.5,0.002,0,0.004,1810.16209462723
"621",0,1000,5000,15,0.5,0.676,0.632,0.62,1791.71303856912
"622",0.3,1000,5000,15,0.5,0.548,0.496,0.194,1894.14548331736
"623",0.6,1000,5000,15,0.5,0.216,0.226,0.052,1944.06568144071
"624",0.9,1000,5000,15,0.5,0.048,0.046,0.04,1894.07871361662
"625",0,125,15000,15,0.5,0,0,0,4381.04511050598
"626",0.3,125,15000,15,0.5,0,0,0,4237.81549452078
"627",0.6,125,15000,15,0.5,0,0,0,4081.67237077899
"628",0.9,125,15000,15,0.5,0,0,0,3796.09635588658
"629",0,250,15000,15,0.5,0,0,0,4917.48334777525
"630",0.3,250,15000,15,0.5,0,0,0,4919.84172526934
"631",0.6,250,15000,15,0.5,0,0,0,4788.95027893013
"632",0.9,250,15000,15,0.5,0,0,0,4474.8598885461
"633",0,500,15000,15,0.5,0.05,0.048,0.05,4890.49302780389
"634",0.3,500,15000,15,0.5,0.016,0.014,0.008,5093.68019521285
"635",0.6,500,15000,15,0.5,0.008,0.008,0.004,5177.45631835437
"636",0.9,500,15000,15,0.5,0,0,0.002,4924.05217350004
"637",0,1000,15000,15,0.5,0.462,0.454,0.45,5145.57036663916
"638",0.3,1000,15000,15,0.5,0.306,0.294,0.12,5355.18682035779
"639",0.6,1000,15000,15,0.5,0.08,0.086,0.022,5515.67702614374
"640",0.9,1000,15000,15,0.5,0.032,0.03,0.034,5374.78251048343
"641",0,125,250,3,0.75,0.998,0.996,1,41.5182876921125
"642",0.3,125,250,3,0.75,1,0.994,0.974,41.3425975583068
"643",0.6,125,250,3,0.75,0.968,0.966,0.852,41.9991551071194
"644",0.9,125,250,3,0.75,0.628,0.652,0.644,86.4342304505692
"645",0,250,250,3,0.75,1,1,1,38.0788904145557
"646",0.3,250,250,3,0.75,1,0.998,0.996,37.891132910777
"647",0.6,250,250,3,0.75,0.998,0.992,0.914,35.3955625469602
"648",0.9,250,250,3,0.75,0.958,0.964,0.748,32.6754106518968
"649",0,500,250,3,0.75,1,1,1,23.3968134613401
"650",0.3,500,250,3,0.75,1,1,0.996,24.2547780040454
"651",0.6,500,250,3,0.75,1,1,0.988,22.2737489770561
"652",0.9,500,250,3,0.75,0.998,0.998,0.976,13.4368043989612
"653",0,1000,250,3,0.75,1,1,1,4.63227989923049
"654",0.3,1000,250,3,0.75,1,1,1,5.47845175455905
"655",0.6,1000,250,3,0.75,1,1,0.988,5.25560499498384
"656",0.9,1000,250,3,0.75,1,1,0.994,3.55165056600713
"657",0,125,1250,3,0.75,0.98,0.976,0.98,211.805848894796
"658",0.3,125,1250,3,0.75,0.966,0.962,0.946,205.161303492396
"659",0.6,125,1250,3,0.75,0.814,0.82,0.758,212.333472686154
"660",0.9,125,1250,3,0.75,0.478,0.478,0.548,221.957818825792
"661",0,250,1250,3,0.75,1,1,0.998,223.100422151351
"662",0.3,250,1250,3,0.75,0.998,0.998,0.972,230.377352772926
"663",0.6,250,1250,3,0.75,0.98,0.98,0.832,221.474309208074
"664",0.9,250,1250,3,0.75,0.52,0.528,0.654,235.081287539882
"665",0,500,1250,3,0.75,1,1,1,235.840246340514
"666",0.3,500,1250,3,0.75,1,1,0.994,230.635261791746
"667",0.6,500,1250,3,0.75,1,1,0.856,231.790631387704
"668",0.9,500,1250,3,0.75,0.776,0.816,0.64,241.756132662151
"669",0,1000,1250,3,0.75,1,1,1,222.695320367027
"670",0.3,1000,1250,3,0.75,1,1,0.98,224.803354440871
"671",0.6,1000,1250,3,0.75,1,1,0.85,212.850757168696
"672",0.9,1000,1250,3,0.75,0.99,0.992,0.7,209.765210300375
"673",0,125,5000,3,0.75,0.932,0.928,0.93,791.331647135778
"674",0.3,125,5000,3,0.75,0.894,0.888,0.858,760.251953419809
"675",0.6,125,5000,3,0.75,0.644,0.644,0.66,823.123218261612
"676",0.9,125,5000,3,0.75,0.504,0.504,0.546,797.798274340514
"677",0,250,5000,3,0.75,0.996,0.996,0.996,835.365975781088
"678",0.3,250,5000,3,0.75,0.988,0.988,0.94,839.057197598632
"679",0.6,250,5000,3,0.75,0.912,0.912,0.806,807.967705230116
"680",0.9,250,5000,3,0.75,0.508,0.508,0.584,896.299287073633
"681",0,500,5000,3,0.75,0.998,0.998,0.998,924.569816148333
"682",0.3,500,5000,3,0.75,1,1,0.97,907.483402467739
"683",0.6,500,5000,3,0.75,0.986,0.986,0.804,903.588693695406
"684",0.9,500,5000,3,0.75,0.532,0.532,0.608,990.889055943802
"685",0,1000,5000,3,0.75,1,1,1,955.428284321514
"686",0.3,1000,5000,3,0.75,1,1,0.964,950.32694750388
"687",0.6,1000,5000,3,0.75,1,1,0.836,913.316050740314
"688",0.9,1000,5000,3,0.75,0.756,0.766,0.69,1035.89667349569
"689",0,125,15000,3,0.75,0.894,0.894,0.896,2224.8015115004
"690",0.3,125,15000,3,0.75,0.832,0.832,0.764,2180.6071778482
"691",0.6,125,15000,3,0.75,0.58,0.576,0.62,2271.1160504824
"692",0.9,125,15000,3,0.75,0.486,0.486,0.504,2209.51207305699
"693",0,250,15000,3,0.75,0.992,0.992,0.992,2378.86818297458
"694",0.3,250,15000,3,0.75,0.984,0.982,0.914,2362.04340882618
"695",0.6,250,15000,3,0.75,0.796,0.798,0.752,2341.50375714356
"696",0.9,250,15000,3,0.75,0.532,0.532,0.576,2401.45619126877
"697",0,500,15000,3,0.75,1,1,0.998,2609.12353327716
"698",0.3,500,15000,3,0.75,0.998,0.998,0.966,2551.64453570151
"699",0.6,500,15000,3,0.75,0.972,0.972,0.784,2532.27918584926
"700",0.9,500,15000,3,0.75,0.49,0.49,0.61,2834.65176478486
"701",0,1000,15000,3,0.75,1,1,1,2725.3756547646
"702",0.3,1000,15000,3,0.75,1,1,0.968,2737.81152540131
"703",0.6,1000,15000,3,0.75,0.994,0.994,0.798,2824.46356666743
"704",0.9,1000,15000,3,0.75,0.61,0.616,0.674,2928.85599825936
"705",0,125,250,6,0.75,0.904,0.886,0.812,42.270972525156
"706",0.3,125,250,6,0.75,0.864,0.826,0.606,43.7670352342912
"707",0.6,125,250,6,0.75,0.69,0.656,0.376,45.8476518961576
"708",0.9,125,250,6,0.75,0.304,0.314,0.266,47.3429090373716
"709",0,250,250,6,0.75,0.996,0.992,0.992,38.2846486164312
"710",0.3,250,250,6,0.75,0.994,0.974,0.912,38.7677199029266
"711",0.6,250,250,6,0.75,0.976,0.936,0.604,37.5047968188198
"712",0.9,250,250,6,0.75,0.738,0.782,0.376,34.9290583334541
"713",0,500,250,6,0.75,1,1,1,23.2312122212301
"714",0.3,500,250,6,0.75,0.998,0.998,0.976,24.9153738471832
"715",0.6,500,250,6,0.75,0.996,0.994,0.92,23.1171431963562
"716",0.9,500,250,6,0.75,0.97,0.97,0.94,14.5097633055604
"717",0,1000,250,6,0.75,1,1,1,4.48329565268701
"718",0.3,1000,250,6,0.75,1,1,0.99,5.69947816401115
"719",0.6,1000,250,6,0.75,1,1,0.98,5.45842373596822
"720",0.9,1000,250,6,0.75,1,1,0.964,3.38842304004261
"721",0,125,1250,6,0.75,0.516,0.51,0.45,240.071953251612
"722",0.3,125,1250,6,0.75,0.418,0.42,0.322,238.986228200424
"723",0.6,125,1250,6,0.75,0.254,0.252,0.222,242.455985360922
"724",0.9,125,1250,6,0.75,0.152,0.15,0.156,245.393063250817
"725",0,250,1250,6,0.75,0.954,0.942,0.932,227.611175666623
"726",0.3,250,1250,6,0.75,0.892,0.886,0.694,230.427421650939
"727",0.6,250,1250,6,0.75,0.712,0.718,0.448,228.95254893636
"728",0.9,250,1250,6,0.75,0.272,0.272,0.322,244.263024008163
"729",0,500,1250,6,0.75,1,0.998,0.998,233.536179061025
"730",0.3,500,1250,6,0.75,1,0.996,0.844,242.324898376717
"731",0.6,500,1250,6,0.75,0.962,0.966,0.492,241.23619187483
"732",0.9,500,1250,6,0.75,0.416,0.46,0.362,242.970684313475
"733",0,1000,1250,6,0.75,1,0.998,1,223.752109796502
"734",0.3,1000,1250,6,0.75,1,0.994,0.85,223.837632745456
"735",0.6,1000,1250,6,0.75,0.992,0.98,0.53,224.601158687931
"736",0.9,1000,1250,6,0.75,0.872,0.856,0.34,219.445268873023
"737",0,125,5000,6,0.75,0.26,0.254,0.242,963.108865484479
"738",0.3,125,5000,6,0.75,0.198,0.202,0.124,966.186491385336
"739",0.6,125,5000,6,0.75,0.074,0.072,0.072,1016.15113643649
"740",0.9,125,5000,6,0.75,0.078,0.078,0.066,901.382591104302
"741",0,250,5000,6,0.75,0.86,0.858,0.848,889.742059759092
"742",0.3,250,5000,6,0.75,0.756,0.754,0.554,880.523462055913
"743",0.6,250,5000,6,0.75,0.45,0.444,0.314,947.327692905003
"744",0.9,250,5000,6,0.75,0.232,0.234,0.226,941.789865301476
"745",0,500,5000,6,0.75,0.976,0.976,0.976,892.947470345741
"746",0.3,500,5000,6,0.75,0.956,0.954,0.748,939.093097789389
"747",0.6,500,5000,6,0.75,0.814,0.816,0.452,932.96347288062
"748",0.9,500,5000,6,0.75,0.256,0.256,0.31,979.815969083895
"749",0,1000,5000,6,0.75,1,1,0.998,988.854976426388
"750",0.3,1000,5000,6,0.75,0.996,0.996,0.818,949.215077041144
"751",0.6,1000,5000,6,0.75,0.972,0.974,0.534,977.88286452862
"752",0.9,1000,5000,6,0.75,0.348,0.364,0.328,1062.07271435359
"753",0,125,15000,6,0.75,0.118,0.116,0.106,2862.85343200597
"754",0.3,125,15000,6,0.75,0.058,0.054,0.062,2887.81196262292
"755",0.6,125,15000,6,0.75,0.048,0.048,0.044,2866.47510682235
"756",0.9,125,15000,6,0.75,0.036,0.036,0.032,2560.67635016039
"757",0,250,15000,6,0.75,0.714,0.716,0.708,2491.95813446746
"758",0.3,250,15000,6,0.75,0.64,0.64,0.474,2535.34666478149
"759",0.6,250,15000,6,0.75,0.308,0.302,0.252,2712.64354520122
"760",0.9,250,15000,6,0.75,0.202,0.2,0.206,2562.7459021537
"761",0,500,15000,6,0.75,0.97,0.97,0.966,2608.56138593292
"762",0.3,500,15000,6,0.75,0.95,0.95,0.706,2574.89575219709
"763",0.6,500,15000,6,0.75,0.658,0.658,0.41,2676.34270028273
"764",0.9,500,15000,6,0.75,0.27,0.272,0.294,2806.19227495916
"765",0,1000,15000,6,0.75,1,1,1,2737.68432285727
"766",0.3,1000,15000,6,0.75,1,1,0.768,2709.02738627655
"767",0.6,1000,15000,6,0.75,0.906,0.906,0.474,2835.92786369222
"768",0.9,1000,15000,6,0.75,0.268,0.27,0.318,3057.8953761289
"769",0,125,250,9,0.75,0.538,0.462,0.3,45.9905521497991
"770",0.3,125,250,9,0.75,0.436,0.376,0.156,49.8607489376975
"771",0.6,125,250,9,0.75,0.324,0.29,0.068,49.4608797814424
"772",0.9,125,250,9,0.75,0.086,0.07,0.046,51.3651021754696
"773",0,250,250,9,0.75,0.964,0.894,0.878,40.1328566349893
"774",0.3,250,250,9,0.75,0.964,0.88,0.628,40.3894364965462
"775",0.6,250,250,9,0.75,0.882,0.784,0.34,39.5044497245305
"776",0.9,250,250,9,0.75,0.49,0.54,0.156,37.9708515870369
"777",0,500,250,9,0.75,1,0.998,0.992,23.8483946678608
"778",0.3,500,250,9,0.75,1,1,0.908,26.2274279795051
"779",0.6,500,250,9,0.75,0.986,0.988,0.85,24.8929260716604
"780",0.9,500,250,9,0.75,0.908,0.914,0.856,15.7042034695496
"781",0,1000,250,9,0.75,1,1,1,4.52561414616916
"782",0.3,1000,250,9,0.75,1,1,0.974,5.64803753841154
"783",0.6,1000,250,9,0.75,1,1,0.94,5.66071652245696
"784",0.9,1000,250,9,0.75,0.99,0.99,0.952,3.46337406770427
"785",0,125,1250,9,0.75,0.092,0.086,0.066,275.82739918094
"786",0.3,125,1250,9,0.75,0.03,0.024,0.004,283.81348835253
"787",0.6,125,1250,9,0.75,0.012,0.01,0.006,298.335755676923
"788",0.9,125,1250,9,0.75,0.018,0.02,0.012,275.120814548578
"789",0,250,1250,9,0.75,0.694,0.68,0.616,228.378711548849
"790",0.3,250,1250,9,0.75,0.616,0.596,0.334,252.131586125267
"791",0.6,250,1250,9,0.75,0.298,0.308,0.136,266.507254325308
"792",0.9,250,1250,9,0.75,0.088,0.088,0.082,257.148358396129
"793",0,500,1250,9,0.75,0.986,0.976,0.966,227.199031688677
"794",0.3,500,1250,9,0.75,0.964,0.954,0.632,249.452578970133
"795",0.6,500,1250,9,0.75,0.83,0.794,0.276,250.042627477916
"796",0.9,500,1250,9,0.75,0.2,0.23,0.178,254.867744707822
"797",0,1000,1250,9,0.75,1,0.976,0.998,215.646570140416
"798",0.3,1000,1250,9,0.75,0.996,0.956,0.736,222.527694273078
"799",0.6,1000,1250,9,0.75,0.978,0.914,0.36,237.213627025901
"800",0.9,1000,1250,9,0.75,0.668,0.66,0.204,232.841910168897
"801",0,125,5000,9,0.75,0.006,0.006,0.004,1176.090549226
"802",0.3,125,5000,9,0.75,0,0,0,1193.65158869039
"803",0.6,125,5000,9,0.75,0,0,0,1181.85120707201
"804",0.9,125,5000,9,0.75,0,0,0,1056.16484735143
"805",0,250,5000,9,0.75,0.432,0.434,0.402,952.35183698509
"806",0.3,250,5000,9,0.75,0.312,0.308,0.192,985.234102014414
"807",0.6,250,5000,9,0.75,0.108,0.11,0.086,1049.81584593215
"808",0.9,250,5000,9,0.75,0.066,0.066,0.058,984.468094202994
"809",0,500,5000,9,0.75,0.9,0.902,0.884,902.231089077005
"810",0.3,500,5000,9,0.75,0.824,0.812,0.466,971.671507704501
"811",0.6,500,5000,9,0.75,0.45,0.458,0.196,1005.8250648571
"812",0.9,500,5000,9,0.75,0.094,0.096,0.106,1085.76330966655
"813",0,1000,5000,9,0.75,0.988,0.988,0.984,979.367611055414
"814",0.3,1000,5000,9,0.75,0.978,0.978,0.62,1031.92849621269
"815",0.6,1000,5000,9,0.75,0.89,0.89,0.302,1015.48171229875
"816",0.9,1000,5000,9,0.75,0.162,0.164,0.162,1098.67667778349
"817",0,125,15000,9,0.75,0,0,0,3446.79690316833
"818",0.3,125,15000,9,0.75,0,0,0,3434.49783946946
"819",0.6,125,15000,9,0.75,0,0,0,3277.41165087596
"820",0.9,125,15000,9,0.75,0,0,0,3091.40593831986
"821",0,250,15000,9,0.75,0.188,0.186,0.182,2864.22051329727
"822",0.3,250,15000,9,0.75,0.112,0.114,0.062,2928.49759092126
"823",0.6,250,15000,9,0.75,0.054,0.056,0.04,3061.44438684953
"824",0.9,250,15000,9,0.75,0.044,0.046,0.038,2838.60534251083
"825",0,500,15000,9,0.75,0.77,0.776,0.764,2647.9068055482
"826",0.3,500,15000,9,0.75,0.71,0.714,0.376,2746.12814488866
"827",0.6,500,15000,9,0.75,0.318,0.324,0.162,2930.97403595722
"828",0.9,500,15000,9,0.75,0.1,0.1,0.1,2978.10488786423
"829",0,1000,15000,9,0.75,0.994,0.994,0.99,2665.14981012096
"830",0.3,1000,15000,9,0.75,0.94,0.94,0.53,2951.21523860617
"831",0.6,1000,15000,9,0.75,0.686,0.692,0.246,2978.34870792509
"832",0.9,1000,15000,9,0.75,0.126,0.126,0.148,3148.52865919747
"833",0,125,250,12,0.75,0.172,0.152,0.04,51.5561409444865
"834",0.3,125,250,12,0.75,0.13,0.104,0.01,55.6751871204808
"835",0.6,125,250,12,0.75,0.046,0.036,0.004,57.8718586939286
"836",0.9,125,250,12,0.75,0.012,0.012,0.004,57.2641506605066
"837",0,250,250,12,0.75,0.908,0.79,0.706,39.6869931034423
"838",0.3,250,250,12,0.75,0.888,0.73,0.378,41.1967058735039
"839",0.6,250,250,12,0.75,0.712,0.564,0.124,42.4219747204734
"840",0.9,250,250,12,0.75,0.302,0.286,0.046,39.840583382327
"841",0,500,250,12,0.75,0.994,0.99,0.978,24.2244841035842
"842",0.3,500,250,12,0.75,0.994,0.99,0.788,26.3932183055254
"843",0.6,500,250,12,0.75,0.966,0.956,0.696,25.5072675878785
"844",0.9,500,250,12,0.75,0.84,0.86,0.76,16.5285305718887
"845",0,1000,250,12,0.75,1,1,1,5.02498886927392
"846",0.3,1000,250,12,0.75,1,1,0.922,6.45127378673213
"847",0.6,1000,250,12,0.75,0.998,0.998,0.904,5.75670358684096
"848",0.9,1000,250,12,0.75,0.974,0.974,0.952,3.57976436333078
"849",0,125,1250,12,0.75,0.004,0.002,0,327.625780281222
"850",0.3,125,1250,12,0.75,0,0,0,342.317503846281
"851",0.6,125,1250,12,0.75,0,0,0,337.313420886943
"852",0.9,125,1250,12,0.75,0,0,0,305.49437774694
"853",0,250,1250,12,0.75,0.374,0.346,0.26,255.619852204863
"854",0.3,250,1250,12,0.75,0.26,0.258,0.072,264.497453208756
"855",0.6,250,1250,12,0.75,0.094,0.086,0.022,282.215235254472
"856",0.9,250,1250,12,0.75,0.04,0.036,0.034,286.629457112597
"857",0,500,1250,12,0.75,0.91,0.874,0.828,239.209799661707
"858",0.3,500,1250,12,0.75,0.864,0.834,0.394,250.08580763697
"859",0.6,500,1250,12,0.75,0.682,0.666,0.128,255.037139666656
"860",0.9,500,1250,12,0.75,0.066,0.068,0.062,286.151217629798
"861",0,1000,1250,12,0.75,0.994,0.93,0.984,216.463465449447
"862",0.3,1000,1250,12,0.75,0.992,0.922,0.54,241.561573028591
"863",0.6,1000,1250,12,0.75,0.938,0.808,0.238,246.279424501549
"864",0.9,1000,1250,12,0.75,0.484,0.51,0.1,242.0349303604
"865",0,125,5000,12,0.75,0,0,0,1368.15908164151
"866",0.3,125,5000,12,0.75,0,0,0,1342.2378592976
"867",0.6,125,5000,12,0.75,0,0,0,1314.55499070324
"868",0.9,125,5000,12,0.75,0,0,0,1204.07743138529
"869",0,250,5000,12,0.75,0.084,0.08,0.078,1044.14144670434
"870",0.3,250,5000,12,0.75,0.046,0.042,0.014,1141.8041003015
"871",0.6,250,5000,12,0.75,0.012,0.012,0.008,1166.54946503417
"872",0.9,250,5000,12,0.75,0.008,0.006,0.006,1105.48679742684
"873",0,500,5000,12,0.75,0.69,0.688,0.638,981.147913979486
"874",0.3,500,5000,12,0.75,0.572,0.566,0.206,1008.8572907313
"875",0.6,500,5000,12,0.75,0.206,0.204,0.06,1090.34486711174
"876",0.9,500,5000,12,0.75,0.042,0.038,0.05,1053.55403927088
"877",0,1000,5000,12,0.75,0.958,0.958,0.944,979.941372528974
"878",0.3,1000,5000,12,0.75,0.936,0.924,0.444,984.146773984494
"879",0.6,1000,5000,12,0.75,0.682,0.684,0.164,1106.0765896654
"880",0.9,1000,5000,12,0.75,0.08,0.08,0.086,1115.85111140324
"881",0,125,15000,12,0.75,0,0,0,3840.47544341848
"882",0.3,125,15000,12,0.75,0,0,0,3776.32662770382
"883",0.6,125,15000,12,0.75,0,0,0,3584.91646070572
"884",0.9,125,15000,12,0.75,0,0,0,3336.14245372496
"885",0,250,15000,12,0.75,0.01,0.012,0.012,3217.34849434366
"886",0.3,250,15000,12,0.75,0.002,0.002,0,3391.64190836042
"887",0.6,250,15000,12,0.75,0.002,0.002,0.004,3408.20386469927
"888",0.9,250,15000,12,0.75,0.004,0.004,0.004,3110.71126298883
"889",0,500,15000,12,0.75,0.52,0.53,0.492,2733.24751702348
"890",0.3,500,15000,12,0.75,0.354,0.35,0.118,2909.73364884332
"891",0.6,500,15000,12,0.75,0.102,0.1,0.048,3158.02664551249
"892",0.9,500,15000,12,0.75,0.036,0.036,0.034,2957.9528299198
"893",0,1000,15000,12,0.75,0.916,0.918,0.902,2795.49856780042
"894",0.3,1000,15000,12,0.75,0.816,0.818,0.33,2993.67024827608
"895",0.6,1000,15000,12,0.75,0.452,0.456,0.156,3030.26803694552
"896",0.9,1000,15000,12,0.75,0.074,0.074,0.08,3302.03849787619
"897",0,125,250,15,0.75,0.032,0.026,0.002,57.2492116880903
"898",0.3,125,250,15,0.75,0.02,0.016,0,62.9187028628308
"899",0.6,125,250,15,0.75,0.006,0.006,0,61.3417350862349
"900",0.9,125,250,15,0.75,0,0,0,60.7289612963769
"901",0,250,250,15,0.75,0.798,0.596,0.4,41.0106677727702
"902",0.3,250,250,15,0.75,0.712,0.51,0.142,44.1606760234758
"903",0.6,250,250,15,0.75,0.512,0.322,0.054,46.1343651773132
"904",0.9,250,250,15,0.75,0.146,0.152,0.012,43.6422852838255
"905",0,500,250,15,0.75,0.986,0.984,0.902,24.9587900630879
"906",0.3,500,250,15,0.75,0.968,0.946,0.62,27.4863027219674
"907",0.6,500,250,15,0.75,0.922,0.904,0.56,27.4046297582327
"908",0.9,500,250,15,0.75,0.684,0.706,0.628,17.6144496083259
"909",0,1000,250,15,0.75,1,1,0.992,5.08035636742004
"910",0.3,1000,250,15,0.75,1,1,0.866,6.62080551813803
"911",0.6,1000,250,15,0.75,1,1,0.884,6.40302897599929
"912",0.9,1000,250,15,0.75,0.962,0.958,0.914,3.72949013520603
"913",0,125,1250,15,0.75,0,0,0,375.186553978052
"914",0.3,125,1250,15,0.75,0,0,0,371.14342946454
"915",0.6,125,1250,15,0.75,0,0,0,366.265124986208
"916",0.9,125,1250,15,0.75,0,0,0,345.558379695683
"917",0,250,1250,15,0.75,0.104,0.104,0.048,270.208446321295
"918",0.3,250,1250,15,0.75,0.054,0.052,0.018,295.159761383384
"919",0.6,250,1250,15,0.75,0.02,0.022,0.004,309.371068798558
"920",0.9,250,1250,15,0.75,0.008,0.006,0.002,304.695385441185
"921",0,500,1250,15,0.75,0.784,0.736,0.642,242.016675472624
"922",0.3,500,1250,15,0.75,0.718,0.642,0.226,260.3350662498
"923",0.6,500,1250,15,0.75,0.434,0.426,0.052,274.790854030534
"924",0.9,500,1250,15,0.75,0.032,0.036,0.016,287.867864068436
"925",0,1000,1250,15,0.75,0.982,0.908,0.954,225.669271370285
"926",0.3,1000,1250,15,0.75,0.976,0.844,0.43,234.135495780881
"927",0.6,1000,1250,15,0.75,0.89,0.738,0.152,242.174070175285
"928",0.9,1000,1250,15,0.75,0.336,0.382,0.026,253.171760015946
"929",0,125,5000,15,0.75,0,0,0,1454.23156530316
"930",0.3,125,5000,15,0.75,0,0,0,1447.94740286336
"931",0.6,125,5000,15,0.75,0,0,0,1405.47616305637
"932",0.9,125,5000,15,0.75,0,0,0,1300.86638706967
"933",0,250,5000,15,0.75,0.006,0.006,0.004,1194.8377158163
"934",0.3,250,5000,15,0.75,0.01,0.006,0,1233.43291459891
"935",0.6,250,5000,15,0.75,0.002,0.002,0,1323.75896748904
"936",0.9,250,5000,15,0.75,0,0,0,1188.20340129254
"937",0,500,5000,15,0.75,0.36,0.366,0.312,995.955210872275
"938",0.3,500,5000,15,0.75,0.306,0.3,0.106,1039.89856392854
"939",0.6,500,5000,15,0.75,0.058,0.054,0.018,1179.46581861319
"940",0.9,500,5000,15,0.75,0.016,0.016,0.01,1164.60783340593
"941",0,1000,5000,15,0.75,0.914,0.902,0.872,937.689467505801
"942",0.3,1000,5000,15,0.75,0.83,0.82,0.302,1044.22242476581
"943",0.6,1000,5000,15,0.75,0.5,0.504,0.08,1121.81153763038
"944",0.9,1000,5000,15,0.75,0.058,0.06,0.056,1174.5593192133
"945",0,125,15000,15,0.75,0,0,0,4046.30091027941
"946",0.3,125,15000,15,0.75,0,0,0,3928.24033198125
"947",0.6,125,15000,15,0.75,0,0,0,3775.03868944009
"948",0.9,125,15000,15,0.75,0,0,0,3498.6647931775
"949",0,250,15000,15,0.75,0,0,0,3677.03355023474
"950",0.3,250,15000,15,0.75,0,0,0,3703.1070394595
"951",0.6,250,15000,15,0.75,0,0,0,3734.02059478852
"952",0.9,250,15000,15,0.75,0,0,0,3424.49052596941
"953",0,500,15000,15,0.75,0.198,0.2,0.198,2824.56501426364
"954",0.3,500,15000,15,0.75,0.096,0.096,0.026,3090.0232906989
"955",0.6,500,15000,15,0.75,0.032,0.028,0.012,3411.93135392366
"956",0.9,500,15000,15,0.75,0.014,0.016,0.008,3270.93740589502
"957",0,1000,15000,15,0.75,0.796,0.784,0.782,2771.46332496823
"958",0.3,1000,15000,15,0.75,0.642,0.652,0.238,3040.66358199111
"959",0.6,1000,15000,15,0.75,0.222,0.23,0.042,3297.31308193906
"960",0.9,1000,15000,15,0.75,0.042,0.042,0.046,3433.72468545613
"961",0,125,250,3,0.9,1,1,1,18.8805836311515
"962",0.3,125,250,3,0.9,1,1,0.982,18.8799995408449
"963",0.6,125,250,3,0.9,1,1,0.864,19.8982797388141
"964",0.9,125,250,3,0.9,0.758,0.77,0.658,65.9583726538063
"965",0,250,250,3,0.9,1,1,1,18.0124154455022
"966",0.3,250,250,3,0.9,1,1,0.996,18.1039888607319
"967",0.6,250,250,3,0.9,1,1,0.922,17.0601779590268
"968",0.9,250,250,3,0.9,0.988,0.994,0.74,15.6981935666748
"969",0,500,250,3,0.9,1,1,1,9.99420799267384
"970",0.3,500,250,3,0.9,1,1,0.998,10.5785328775078
"971",0.6,500,250,3,0.9,1,1,0.99,10.1103684400032
"972",0.9,500,250,3,0.9,1,1,0.978,7.19118089113866
"973",0,1000,250,3,0.9,1,1,1,1.75909253207653
"974",0.3,1000,250,3,0.9,1,1,1,2.1384119438713
"975",0.6,1000,250,3,0.9,1,1,0.994,2.12304386736267
"976",0.9,1000,250,3,0.9,1,1,0.996,2.0390876766828
"977",0,125,1250,3,0.9,0.994,0.994,0.992,92.5351804710188
"978",0.3,125,1250,3,0.9,0.986,0.986,0.974,91.9679855760371
"979",0.6,125,1250,3,0.9,0.902,0.904,0.784,98.2152758069332
"980",0.9,125,1250,3,0.9,0.488,0.486,0.57,148.284798857242
"981",0,250,1250,3,0.9,1,1,1,98.224342048399
"982",0.3,250,1250,3,0.9,1,1,0.978,101.26642381923
"983",0.6,250,1250,3,0.9,0.994,0.996,0.846,100.736942664766
"984",0.9,250,1250,3,0.9,0.564,0.568,0.646,122.474891731306
"985",0,500,1250,3,0.9,1,1,1,103.594245686331
"986",0.3,500,1250,3,0.9,1,1,0.994,102.373749845876
"987",0.6,500,1250,3,0.9,1,1,0.856,105.07754404216
"988",0.9,500,1250,3,0.9,0.926,0.95,0.646,114.78299377003
"989",0,1000,1250,3,0.9,1,1,1,100.367090854032
"990",0.3,1000,1250,3,0.9,1,1,0.982,102.754568960762
"991",0.6,1000,1250,3,0.9,1,1,0.852,97.6436265861663
"992",0.9,1000,1250,3,0.9,1,0.996,0.71,98.089509473416
"993",0,125,5000,3,0.9,0.96,0.96,0.964,372.620583186176
"994",0.3,125,5000,3,0.9,0.956,0.956,0.898,358.507968085165
"995",0.6,125,5000,3,0.9,0.758,0.762,0.718,423.231126041583
"996",0.9,125,5000,3,0.9,0.514,0.514,0.556,461.932432412663
"997",0,250,5000,3,0.9,1,1,1,371.934502761331
"998",0.3,250,5000,3,0.9,0.996,0.996,0.954,374.306350695207
"999",0.6,250,5000,3,0.9,0.958,0.958,0.816,366.05519808139
"1000",0.9,250,5000,3,0.9,0.508,0.508,0.594,503.908160894679
"1001",0,500,5000,3,0.9,1,1,1,400.4391326591
"1002",0.3,500,5000,3,0.9,1,1,0.972,397.518815420332
"1003",0.6,500,5000,3,0.9,0.998,0.998,0.806,403.781809137461
"1004",0.9,500,5000,3,0.9,0.574,0.578,0.614,513.17850717215
"1005",0,1000,5000,3,0.9,1,1,1,407.776106633017
"1006",0.3,1000,5000,3,0.9,1,1,0.966,410.907265767958
"1007",0.6,1000,5000,3,0.9,1,1,0.842,397.557890662641
"1008",0.9,1000,5000,3,0.9,0.864,0.872,0.692,486.249272202893
"1009",0,125,15000,3,0.9,0.958,0.956,0.956,1073.197160078
"1010",0.3,125,15000,3,0.9,0.928,0.926,0.856,1058.08010922194
"1011",0.6,125,15000,3,0.9,0.686,0.686,0.68,1286.85701003249
"1012",0.9,125,15000,3,0.9,0.512,0.512,0.538,1334.68604132075
"1013",0,250,15000,3,0.9,1,1,1,1101.95704592426
"1014",0.3,250,15000,3,0.9,0.998,0.998,0.936,1094.36892101096
"1015",0.6,250,15000,3,0.9,0.868,0.866,0.776,1134.53034140899
"1016",0.9,250,15000,3,0.9,0.532,0.532,0.59,1369.83401351778
"1017",0,500,15000,3,0.9,1,1,1,1157.06082883699
"1018",0.3,500,15000,3,0.9,1,1,0.974,1135.78101329096
"1019",0.6,500,15000,3,0.9,0.992,0.992,0.802,1155.0081017754
"1020",0.9,500,15000,3,0.9,0.49,0.49,0.626,1580.17767589177
"1021",0,1000,15000,3,0.9,1,1,1,1173.38546804137
"1022",0.3,1000,15000,3,0.9,1,1,0.97,1193.41995676795
"1023",0.6,1000,15000,3,0.9,1,1,0.802,1278.02567015801
"1024",0.9,1000,15000,3,0.9,0.662,0.66,0.674,1440.72825481639
"1025",0,125,250,6,0.9,0.99,0.984,0.898,18.6709319406834
"1026",0.3,125,250,6,0.9,0.968,0.962,0.702,19.8076009925412
"1027",0.6,125,250,6,0.9,0.898,0.896,0.45,21.7053024477302
"1028",0.9,125,250,6,0.9,0.376,0.382,0.294,47.4230664897431
"1029",0,250,250,6,0.9,1,0.996,0.996,18.0037504457667
"1030",0.3,250,250,6,0.9,1,1,0.936,18.351428244713
"1031",0.6,250,250,6,0.9,0.998,0.996,0.636,18.1787626511066
"1032",0.9,250,250,6,0.9,0.932,0.936,0.38,17.1015957047792
"1033",0,500,250,6,0.9,1,1,1,9.92489906963096
"1034",0.3,500,250,6,0.9,1,1,0.976,10.9485043676025
"1035",0.6,500,250,6,0.9,1,1,0.928,10.410453179405
"1036",0.9,500,250,6,0.9,0.994,0.994,0.944,7.60916686757292
"1037",0,1000,250,6,0.9,1,1,1,1.70139642321798
"1038",0.3,1000,250,6,0.9,1,1,0.992,2.24415641690985
"1039",0.6,1000,250,6,0.9,1,1,0.982,2.23018975126375
"1040",0.9,1000,250,6,0.9,1,1,0.966,1.82587290652525
"1041",0,125,1250,6,0.9,0.67,0.672,0.626,117.769294652769
"1042",0.3,125,1250,6,0.9,0.628,0.626,0.446,116.690700922928
"1043",0.6,125,1250,6,0.9,0.368,0.364,0.288,129.905699676266
"1044",0.9,125,1250,6,0.9,0.196,0.196,0.212,137.01892430083
"1045",0,250,1250,6,0.9,0.99,0.99,0.968,98.9738172126559
"1046",0.3,250,1250,6,0.9,0.972,0.972,0.738,102.770800463414
"1047",0.6,250,1250,6,0.9,0.856,0.848,0.488,104.39567652589
"1048",0.9,250,1250,6,0.9,0.286,0.286,0.348,128.572780718489
"1049",0,500,1250,6,0.9,1,1,1,102.445714967831
"1050",0.3,500,1250,6,0.9,1,1,0.854,108.776445143745
"1051",0.6,500,1250,6,0.9,0.996,0.996,0.518,110.138513515032
"1052",0.9,500,1250,6,0.9,0.562,0.596,0.36,117.095941105185
"1053",0,1000,1250,6,0.9,1,1,1,100.922843992452
"1054",0.3,1000,1250,6,0.9,1,1,0.856,102.152405905021
"1055",0.6,1000,1250,6,0.9,1,0.996,0.526,105.570603534914
"1056",0.9,1000,1250,6,0.9,0.974,0.97,0.342,104.70224400927
"1057",0,125,5000,6,0.9,0.424,0.422,0.42,552.948197169793
"1058",0.3,125,5000,6,0.9,0.352,0.354,0.226,561.528641881379
"1059",0.6,125,5000,6,0.9,0.15,0.152,0.15,655.348322190962
"1060",0.9,125,5000,6,0.9,0.116,0.116,0.118,534.226645955731
"1061",0,250,5000,6,0.9,0.934,0.936,0.924,404.071314934669
"1062",0.3,250,5000,6,0.9,0.864,0.866,0.64,410.837214640378
"1063",0.6,250,5000,6,0.9,0.564,0.564,0.368,482.924088507153
"1064",0.9,250,5000,6,0.9,0.254,0.254,0.268,522.56660412204
"1065",0,500,5000,6,0.9,0.992,0.994,0.988,386.767608479137
"1066",0.3,500,5000,6,0.9,0.98,0.98,0.778,420.507455590608
"1067",0.6,500,5000,6,0.9,0.902,0.904,0.48,430.561842650083
"1068",0.9,500,5000,6,0.9,0.262,0.262,0.318,507.740234625982
"1069",0,1000,5000,6,0.9,1,1,1,425.362602111665
"1070",0.3,1000,5000,6,0.9,1,1,0.83,414.530534482148
"1071",0.6,1000,5000,6,0.9,0.996,0.996,0.54,439.359553400713
"1072",0.9,1000,5000,6,0.9,0.424,0.44,0.336,520.767959077464
"1073",0,125,15000,6,0.9,0.23,0.228,0.216,1877.721323367
"1074",0.3,125,15000,6,0.9,0.162,0.16,0.128,1870.07940133262
"1075",0.6,125,15000,6,0.9,0.09,0.09,0.08,1994.53716732771
"1076",0.9,125,15000,6,0.9,0.058,0.058,0.064,1665.52277998435
"1077",0,250,15000,6,0.9,0.834,0.832,0.834,1192.48340080994
"1078",0.3,250,15000,6,0.9,0.788,0.784,0.59,1234.46040562472
"1079",0.6,250,15000,6,0.9,0.394,0.392,0.302,1504.73602994845
"1080",0.9,250,15000,6,0.9,0.228,0.228,0.244,1429.42497627324
"1081",0,500,15000,6,0.9,0.994,0.994,0.992,1169.00728999289
"1082",0.3,500,15000,6,0.9,0.976,0.976,0.742,1161.0338770687
"1083",0.6,500,15000,6,0.9,0.75,0.752,0.434,1291.58642998637
"1084",0.9,500,15000,6,0.9,0.278,0.278,0.308,1528.01111037904
"1085",0,1000,15000,6,0.9,1,1,1,1195.78141168084
"1086",0.3,1000,15000,6,0.9,1,1,0.78,1196.67741365273
"1087",0.6,1000,15000,6,0.9,0.936,0.936,0.49,1297.60110390482
"1088",0.9,1000,15000,6,0.9,0.282,0.284,0.32,1593.11021952482
"1089",0,125,250,9,0.9,0.792,0.786,0.432,20.5016543056778
"1090",0.3,125,250,9,0.9,0.764,0.746,0.246,22.8418292986
"1091",0.6,125,250,9,0.9,0.592,0.598,0.114,24.0540508636444
"1092",0.9,125,250,9,0.9,0.136,0.138,0.078,71.8727504753139
"1093",0,250,250,9,0.9,0.998,0.998,0.948,18.7908871679927
"1094",0.3,250,250,9,0.9,0.998,1,0.684,19.064632184696
"1095",0.6,250,250,9,0.9,0.986,0.98,0.378,19.1132353165041
"1096",0.9,250,250,9,0.9,0.792,0.794,0.162,18.4822404843729
"1097",0,500,250,9,0.9,1,1,0.998,10.2629782958143
"1098",0.3,500,250,9,0.9,1,1,0.92,11.5209474303122
"1099",0.6,500,250,9,0.9,1,0.998,0.87,11.4066342940338
"1100",0.9,500,250,9,0.9,0.98,0.978,0.89,8.22266006701896
"1101",0,1000,250,9,0.9,1,1,1,1.69077926722448
"1102",0.3,1000,250,9,0.9,1,1,0.97,2.18157685406287
"1103",0.6,1000,250,9,0.9,1,1,0.95,2.30363743902565
"1104",0.9,1000,250,9,0.9,0.998,0.998,0.954,1.89153374481027
"1105",0,125,1250,9,0.9,0.2,0.194,0.134,160.31905588865
"1106",0.3,125,1250,9,0.9,0.122,0.122,0.03,164.992286928088
"1107",0.6,125,1250,9,0.9,0.034,0.034,0.012,189.163320806646
"1108",0.9,125,1250,9,0.9,0.032,0.032,0.016,161.217346077787
"1109",0,250,1250,9,0.9,0.876,0.876,0.766,98.7476244756998
"1110",0.3,250,1250,9,0.9,0.82,0.818,0.432,114.482006712226
"1111",0.6,250,1250,9,0.9,0.5,0.492,0.168,129.756556763512
"1112",0.9,250,1250,9,0.9,0.094,0.092,0.096,136.148443346046
"1113",0,500,1250,9,0.9,0.998,0.998,0.99,98.4209386830738
"1114",0.3,500,1250,9,0.9,0.996,0.994,0.662,112.304692098291
"1115",0.6,500,1250,9,0.9,0.942,0.94,0.304,115.444843465056
"1116",0.9,500,1250,9,0.9,0.276,0.298,0.18,128.951023670118
"1117",0,1000,1250,9,0.9,1,1,1,96.9161530673969
"1118",0.3,1000,1250,9,0.9,1,1,0.742,102.105641079983
"1119",0.6,1000,1250,9,0.9,0.998,0.986,0.374,112.961665584824
"1120",0.9,1000,1250,9,0.9,0.88,0.896,0.204,112.727584842726
"1121",0,125,5000,9,0.9,0.018,0.018,0.018,826.968439846288
"1122",0.3,125,5000,9,0.9,0.006,0.004,0,859.214911009907
"1123",0.6,125,5000,9,0.9,0.002,0.002,0.006,869.172365250484
"1124",0.9,125,5000,9,0.9,0.004,0.004,0.002,717.022150179892
"1125",0,250,5000,9,0.9,0.616,0.614,0.582,459.970737562696
"1126",0.3,250,5000,9,0.9,0.52,0.518,0.292,481.965942100299
"1127",0.6,250,5000,9,0.9,0.188,0.19,0.118,575.316104653253
"1128",0.9,250,5000,9,0.9,0.086,0.084,0.09,549.707393829305
"1129",0,500,5000,9,0.9,0.948,0.948,0.938,389.828462451776
"1130",0.3,500,5000,9,0.9,0.916,0.918,0.536,436.401739539671
"1131",0.6,500,5000,9,0.9,0.606,0.61,0.216,472.581150682208
"1132",0.9,500,5000,9,0.9,0.1,0.1,0.108,582.72847049206
"1133",0,1000,5000,9,0.9,1,1,0.996,423.482704730325
"1134",0.3,1000,5000,9,0.9,0.994,0.994,0.64,460.214715414715
"1135",0.6,1000,5000,9,0.9,0.962,0.96,0.314,461.689303614704
"1136",0.9,1000,5000,9,0.9,0.184,0.19,0.168,560.715978827428
"1137",0,125,15000,9,0.9,0.004,0.004,0.004,2751.26955036822
"1138",0.3,125,15000,9,0.9,0.002,0.002,0.002,2739.58388044692
"1139",0.6,125,15000,9,0.9,0,0,0,2647.93354646316
"1140",0.9,125,15000,9,0.9,0,0,0,2314.83693460522
"1141",0,250,15000,9,0.9,0.33,0.332,0.334,1552.20848212071
"1142",0.3,250,15000,9,0.9,0.262,0.254,0.126,1619.44822006535
"1143",0.6,250,15000,9,0.9,0.104,0.104,0.094,1878.06421727015
"1144",0.9,250,15000,9,0.9,0.056,0.054,0.058,1667.13045850519
"1145",0,500,15000,9,0.9,0.896,0.896,0.89,1180.23304626029
"1146",0.3,500,15000,9,0.9,0.858,0.86,0.446,1272.35585520563
"1147",0.6,500,15000,9,0.9,0.418,0.422,0.19,1483.21273441514
"1148",0.9,500,15000,9,0.9,0.114,0.116,0.114,1614.29739508473
"1149",0,1000,15000,9,0.9,1,1,1,1151.47261287992
"1150",0.3,1000,15000,9,0.9,0.984,0.984,0.576,1323.27080551355
"1151",0.6,1000,15000,9,0.9,0.786,0.786,0.272,1394.11853999316
"1152",0.9,1000,15000,9,0.9,0.128,0.128,0.156,1668.37800714328
"1153",0,125,250,12,0.9,0.466,0.452,0.108,23.7416098645363
"1154",0.3,125,250,12,0.9,0.426,0.404,0.032,26.2499750949662
"1155",0.6,125,250,12,0.9,0.228,0.216,0.012,29.1083575552844
"1156",0.9,125,250,12,0.9,0.05,0.05,0.008,56.2782422275186
"1157",0,250,250,12,0.9,1,0.998,0.814,18.1914473845629
"1158",0.3,250,250,12,0.9,0.98,0.968,0.474,19.383499706769
"1159",0.6,250,250,12,0.9,0.946,0.92,0.156,20.5085754059847
"1160",0.9,250,250,12,0.9,0.61,0.634,0.054,19.7133968676523
"1161",0,500,250,12,0.9,1,0.998,0.996,10.4151754535339
"1162",0.3,500,250,12,0.9,1,1,0.84,11.4990596402044
"1163",0.6,500,250,12,0.9,0.998,0.998,0.752,11.678586565788
"1164",0.9,500,250,12,0.9,0.948,0.946,0.824,8.56893286064958
"1165",0,1000,250,12,0.9,1,1,1,1.91729812968283
"1166",0.3,1000,250,12,0.9,1,1,0.932,2.54968222065503
"1167",0.6,1000,250,12,0.9,1,1,0.91,2.34236079721247
"1168",0.9,1000,250,12,0.9,0.996,0.996,0.958,1.8919110176193
"1169",0,125,1250,12,0.9,0.006,0.006,0.002,223.342003478981
"1170",0.3,125,1250,12,0.9,0.002,0.002,0,230.468085259629
"1171",0.6,125,1250,12,0.9,0,0,0,231.235059211085
"1172",0.9,125,1250,12,0.9,0,0,0.002,198.400146817331
"1173",0,250,1250,12,0.9,0.588,0.576,0.454,117.294907579208
"1174",0.3,250,1250,12,0.9,0.488,0.474,0.136,123.301236321928
"1175",0.6,250,1250,12,0.9,0.182,0.188,0.028,144.758189253629
"1176",0.9,250,1250,12,0.9,0.052,0.052,0.046,156.514658983159
"1177",0,500,1250,12,0.9,0.986,0.986,0.922,104.544782771387
"1178",0.3,500,1250,12,0.9,0.972,0.968,0.438,111.421600334858
"1179",0.6,500,1250,12,0.9,0.866,0.874,0.152,117.288183381201
"1180",0.9,500,1250,12,0.9,0.09,0.11,0.066,149.090760616458
"1181",0,1000,1250,12,0.9,0.998,0.996,0.99,97.2393833182472
"1182",0.3,1000,1250,12,0.9,1,0.994,0.554,112.155792734754
"1183",0.6,1000,1250,12,0.9,0.988,0.976,0.258,118.234767805813
"1184",0.9,1000,1250,12,0.9,0.768,0.794,0.1,118.278111070803
"1185",0,125,5000,12,0.9,0,0,0,1106.42422675586
"1186",0.3,125,5000,12,0.9,0,0,0,1079.1532159416
"1187",0.6,125,5000,12,0.9,0,0,0,1040.53589230025
"1188",0.9,125,5000,12,0.9,0,0,0,921.029636073778
"1189",0,250,5000,12,0.9,0.212,0.208,0.18,563.875659731545
"1190",0.3,250,5000,12,0.9,0.114,0.11,0.032,638.550304640459
"1191",0.6,250,5000,12,0.9,0.026,0.026,0.016,714.646217818725
"1192",0.9,250,5000,12,0.9,0.016,0.016,0.01,652.025121988577
"1193",0,500,5000,12,0.9,0.85,0.844,0.808,432.204011212217
"1194",0.3,500,5000,12,0.9,0.752,0.746,0.288,459.492764768909
"1195",0.6,500,5000,12,0.9,0.328,0.33,0.074,538.863382212886
"1196",0.9,500,5000,12,0.9,0.056,0.056,0.058,548.362072148692
"1197",0,1000,5000,12,0.9,0.988,0.988,0.968,424.602601714471
"1198",0.3,1000,5000,12,0.9,0.998,0.996,0.47,431.713616002664
"1199",0.6,1000,5000,12,0.9,0.832,0.83,0.192,514.584708225479
"1200",0.9,1000,5000,12,0.9,0.088,0.094,0.086,566.180422989438
"1201",0,125,15000,12,0.9,0,0,0,3384.95871257484
"1202",0.3,125,15000,12,0.9,0,0,0,3220.44729006967
"1203",0.6,125,15000,12,0.9,0,0,0,3143.00733825981
"1204",0.9,125,15000,12,0.9,0,0,0,2760.77592724328
"1205",0,250,15000,12,0.9,0.046,0.046,0.044,2017.57108361941
"1206",0.3,250,15000,12,0.9,0.022,0.018,0.004,2183.0378049677
"1207",0.6,250,15000,12,0.9,0.01,0.01,0.004,2267.32934390436
"1208",0.9,250,15000,12,0.9,0.01,0.01,0.006,1920.17788261839
"1209",0,500,15000,12,0.9,0.654,0.656,0.64,1274.52990434481
"1210",0.3,500,15000,12,0.9,0.544,0.54,0.192,1394.45415722674
"1211",0.6,500,15000,12,0.9,0.162,0.16,0.076,1678.97930209058
"1212",0.9,500,15000,12,0.9,0.046,0.046,0.042,1592.13777179503
"1213",0,1000,15000,12,0.9,0.96,0.958,0.958,1220.03775068691
"1214",0.3,1000,15000,12,0.9,0.916,0.914,0.38,1357.35950311936
"1215",0.6,1000,15000,12,0.9,0.564,0.572,0.172,1443.12033600412
"1216",0.9,1000,15000,12,0.9,0.08,0.08,0.084,1758.91427219207
"1217",0,125,250,15,0.9,0.152,0.144,0.006,28.752194975005
"1218",0.3,125,250,15,0.9,0.102,0.096,0,32.2593021309716
"1219",0.6,125,250,15,0.9,0.056,0.056,0,33.0769292091808
"1220",0.9,125,250,15,0.9,0.012,0.014,0,56.0872948034509
"1221",0,250,250,15,0.9,0.97,0.952,0.54,18.4695046359812
"1222",0.3,250,250,15,0.9,0.958,0.92,0.202,20.5885927347816
"1223",0.6,250,250,15,0.9,0.872,0.834,0.086,22.2001465205217
"1224",0.9,250,250,15,0.9,0.428,0.47,0.02,21.5176198081004
"1225",0,500,250,15,0.9,1,1,0.956,10.670525344575
"1226",0.3,500,250,15,0.9,1,1,0.7,12.1210347028448
"1227",0.6,500,250,15,0.9,0.992,0.992,0.66,12.6507048210809
"1228",0.9,500,250,15,0.9,0.93,0.932,0.748,9.13510026331597
"1229",0,1000,250,15,0.9,1,1,1,1.96261070091204
"1230",0.3,1000,250,15,0.9,1,1,0.892,2.64238544095035
"1231",0.6,1000,250,15,0.9,1,1,0.902,2.6375699805904
"1232",0.9,1000,250,15,0.9,0.992,0.992,0.926,2.04011030710474
"1233",0,125,1250,15,0.9,0,0,0,279.989708249251
"1234",0.3,125,1250,15,0.9,0,0,0,276.244622677267
"1235",0.6,125,1250,15,0.9,0,0,0,271.196934177987
"1236",0.9,125,1250,15,0.9,0,0,0,241.104357769197
"1237",0,250,1250,15,0.9,0.244,0.24,0.112,131.24940775597
"1238",0.3,250,1250,15,0.9,0.148,0.148,0.022,150.165104157512
"1239",0.6,250,1250,15,0.9,0.05,0.052,0.008,167.393176415529
"1240",0.9,250,1250,15,0.9,0.018,0.018,0.006,168.730850008255
"1241",0,500,1250,15,0.9,0.936,0.924,0.778,104.563989160085
"1242",0.3,500,1250,15,0.9,0.908,0.9,0.298,117.131422958934
"1243",0.6,500,1250,15,0.9,0.716,0.73,0.068,128.042743632982
"1244",0.9,500,1250,15,0.9,0.056,0.062,0.024,148.709806755438
"1245",0,1000,1250,15,0.9,1,0.988,0.982,101.908632557136
"1246",0.3,1000,1250,15,0.9,0.998,0.98,0.464,107.066907930007
"1247",0.6,1000,1250,15,0.9,0.982,0.948,0.156,115.434877101512
"1248",0.9,1000,1250,15,0.9,0.65,0.69,0.03,123.237501668568
"1249",0,125,5000,15,0.9,0,0,0,1239.00080047691
"1250",0.3,125,5000,15,0.9,0,0,0,1246.98545829524
"1251",0.6,125,5000,15,0.9,0,0,0,1196.74534465003
"1252",0.9,125,5000,15,0.9,0,0,0,1075.79545587572
"1253",0,250,5000,15,0.9,0.02,0.018,0.016,732.919636828039
"1254",0.3,250,5000,15,0.9,0.014,0.014,0.002,754.348540967471
"1255",0.6,250,5000,15,0.9,0.002,0.002,0.002,860.550048850628
"1256",0.9,250,5000,15,0.9,0,0,0,727.950889165556
"1257",0,500,5000,15,0.9,0.556,0.556,0.49,450.59579686933
"1258",0.3,500,5000,15,0.9,0.494,0.498,0.146,481.819566056469
"1259",0.6,500,5000,15,0.9,0.128,0.134,0.032,613.204317922487
"1260",0.9,500,5000,15,0.9,0.016,0.016,0.016,625.866051078449
"1261",0,1000,5000,15,0.9,0.958,0.954,0.926,399.034721148653
"1262",0.3,1000,5000,15,0.9,0.93,0.924,0.342,465.051934185385
"1263",0.6,1000,5000,15,0.9,0.662,0.67,0.108,524.463940885587
"1264",0.9,1000,5000,15,0.9,0.066,0.066,0.06,615.213948759765
"1265",0,125,15000,15,0.9,0,0,0,3704.59171030548
"1266",0.3,125,15000,15,0.9,0,0,0,3584.46939953216
"1267",0.6,125,15000,15,0.9,0,0,0,3375.48812056625
"1268",0.9,125,15000,15,0.9,0,0,0,3069.31265787565
"1269",0,250,15000,15,0.9,0.006,0.006,0.006,2535.45113272905
"1270",0.3,250,15000,15,0.9,0,0,0.002,2628.83997412395
"1271",0.6,250,15000,15,0.9,0,0,0,2688.27395194053
"1272",0.9,250,15000,15,0.9,0,0,0,2291.64477229666
"1273",0,500,15000,15,0.9,0.35,0.346,0.326,1376.72132396716
"1274",0.3,500,15000,15,0.9,0.194,0.196,0.064,1572.35186648528
"1275",0.6,500,15000,15,0.9,0.076,0.074,0.028,1902.24474119347
"1276",0.9,500,15000,15,0.9,0.022,0.022,0.018,1794.70611507924
"1277",0,1000,15000,15,0.9,0.894,0.894,0.872,1201.11528225361
"1278",0.3,1000,15000,15,0.9,0.802,0.804,0.3,1385.05040729714
"1279",0.6,1000,15000,15,0.9,0.358,0.356,0.064,1596.25491289298
"1280",0.9,1000,15000,15,0.9,0.044,0.044,0.05,1850.07398874604
"1281",0,125,250,3,0.95,1,1,1,9.97574948750995
"1282",0.3,125,250,3,0.95,1,1,0.984,10.0572628115702
"1283",0.6,125,250,3,0.95,1,1,0.868,10.7495981273273
"1284",0.9,125,250,3,0.95,0.822,0.832,0.658,12.4730564134946
"1285",0,250,250,3,0.95,1,1,1,9.97934625024956
"1286",0.3,250,250,3,0.95,1,1,0.998,10.1407400143211
"1287",0.6,250,250,3,0.95,1,1,0.924,9.55469582205713
"1288",0.9,250,250,3,0.95,0.996,0.994,0.736,8.75678310511872
"1289",0,500,250,3,0.95,1,1,1,5.20577043981412
"1290",0.3,500,250,3,0.95,1,1,0.998,5.58033264697669
"1291",0.6,500,250,3,0.95,1,1,0.99,5.4566719193684
"1292",0.9,500,250,3,0.95,1,1,0.98,4.46004962546598
"1293",0,1000,250,3,0.95,1,1,1,0.903650933734295
"1294",0.3,1000,250,3,0.95,1,1,1,1.11962375580452
"1295",0.6,1000,250,3,0.95,1,1,0.994,1.10956275653164
"1296",0.9,1000,250,3,0.95,1,1,0.996,1.26035750457651
"1297",0,125,1250,3,0.95,0.996,0.996,0.994,48.3380438009401
"1298",0.3,125,1250,3,0.95,0.992,0.992,0.978,48.2296189134821
"1299",0.6,125,1250,3,0.95,0.93,0.93,0.786,54.0185624362657
"1300",0.9,125,1250,3,0.95,0.488,0.488,0.588,85.2763422489848
"1301",0,250,1250,3,0.95,1,1,1,51.2511727888795
"1302",0.3,250,1250,3,0.95,1,1,0.978,52.4803442595693
"1303",0.6,250,1250,3,0.95,0.994,0.994,0.854,53.4865981761656
"1304",0.9,250,1250,3,0.95,0.584,0.594,0.644,72.6561148251128
"1305",0,500,1250,3,0.95,1,1,1,53.9962624443473
"1306",0.3,500,1250,3,0.95,1,1,0.994,53.5156644705626
"1307",0.6,500,1250,3,0.95,1,1,0.854,55.4823765185087
"1308",0.9,500,1250,3,0.95,0.956,0.962,0.644,62.3647095031221
"1309",0,1000,1250,3,0.95,1,1,1,53.8716783002906
"1310",0.3,1000,1250,3,0.95,1,1,0.982,55.3200098511703
"1311",0.6,1000,1250,3,0.95,1,1,0.852,52.7139423437583
"1312",0.9,1000,1250,3,0.95,1,1,0.71,52.8120700547024
"1313",0,125,5000,3,0.95,0.974,0.972,0.976,202.05036343631
"1314",0.3,125,5000,3,0.95,0.968,0.968,0.912,194.61792551458
"1315",0.6,125,5000,3,0.95,0.784,0.784,0.732,260.547295666758
"1316",0.9,125,5000,3,0.95,0.514,0.514,0.556,313.048359941909
"1317",0,250,5000,3,0.95,1,1,1,193.905909494413
"1318",0.3,250,5000,3,0.95,0.996,0.996,0.96,196.304604493386
"1319",0.6,250,5000,3,0.95,0.964,0.964,0.822,194.563074268931
"1320",0.9,250,5000,3,0.95,0.51,0.51,0.594,337.859328560842
"1321",0,500,5000,3,0.95,1,1,1,206.219484173141
"1322",0.3,500,5000,3,0.95,1,1,0.972,207.289333243953
"1323",0.6,500,5000,3,0.95,0.998,0.998,0.812,212.281327491376
"1324",0.9,500,5000,3,0.95,0.608,0.614,0.616,302.622475566365
"1325",0,1000,5000,3,0.95,1,1,1,209.82178294257
"1326",0.3,1000,5000,3,0.95,1,1,0.966,212.243513306554
"1327",0.6,1000,5000,3,0.95,1,1,0.842,206.716905295045
"1328",0.9,1000,5000,3,0.95,0.88,0.888,0.692,266.045078388561
"1329",0,125,15000,3,0.95,0.966,0.966,0.962,598.657879957605
"1330",0.3,125,15000,3,0.95,0.944,0.944,0.864,590.619135506833
"1331",0.6,125,15000,3,0.95,0.702,0.702,0.694,878.345037420274
"1332",0.9,125,15000,3,0.95,0.52,0.52,0.544,950.520854645966
"1333",0,250,15000,3,0.95,1,1,1,583.138068587138
"1334",0.3,250,15000,3,0.95,0.998,0.998,0.94,583.547773366614
"1335",0.6,250,15000,3,0.95,0.884,0.884,0.786,647.820936491464
"1336",0.9,250,15000,3,0.95,0.532,0.532,0.594,892.470721482415
"1337",0,500,15000,3,0.95,1,1,1,603.167568114953
"1338",0.3,500,15000,3,0.95,1,1,0.97,594.32250230667
"1339",0.6,500,15000,3,0.95,0.996,0.996,0.802,608.663714627979
"1340",0.9,500,15000,3,0.95,0.496,0.496,0.628,1005.15359931703
"1341",0,1000,15000,3,0.95,1,1,1,605.524016057208
"1342",0.3,1000,15000,3,0.95,1,1,0.97,619.204704629103
"1343",0.6,1000,15000,3,0.95,1,1,0.804,674.470753288186
"1344",0.9,1000,15000,3,0.95,0.704,0.704,0.67,822.114441517408
"1345",0,125,250,6,0.95,1,1,0.918,9.84877911063562
"1346",0.3,125,250,6,0.95,0.986,0.986,0.728,10.562682867871
"1347",0.6,125,250,6,0.95,0.93,0.932,0.466,11.9457927075277
"1348",0.9,125,250,6,0.95,0.422,0.424,0.306,37.4168400704807
"1349",0,250,250,6,0.95,1,1,0.998,9.90897758623104
"1350",0.3,250,250,6,0.95,1,1,0.948,10.1639922683495
"1351",0.6,250,250,6,0.95,1,0.998,0.64,10.2198265108092
"1352",0.9,250,250,6,0.95,0.976,0.98,0.38,9.55980622639768
"1353",0,500,250,6,0.95,1,1,1,5.19289793696625
"1354",0.3,500,250,6,0.95,1,1,0.976,5.86964895762281
"1355",0.6,500,250,6,0.95,1,1,0.93,5.60229628873621
"1356",0.9,500,250,6,0.95,0.998,0.998,0.944,4.57492616202886
"1357",0,1000,250,6,0.95,1,1,1,0.870466064884662
"1358",0.3,1000,250,6,0.95,1,1,0.99,1.18481944760048
"1359",0.6,1000,250,6,0.95,1,1,0.982,1.17805357164565
"1360",0.9,1000,250,6,0.95,1,1,0.968,1.0783201568369
"1361",0,125,1250,6,0.95,0.736,0.728,0.67,69.381523024932
"1362",0.3,125,1250,6,0.95,0.682,0.68,0.482,71.0965459731308
"1363",0.6,125,1250,6,0.95,0.416,0.418,0.306,87.0040530917693
"1364",0.9,125,1250,6,0.95,0.212,0.21,0.232,113.159523041939
"1365",0,250,1250,6,0.95,0.992,0.992,0.976,51.4516085126894
"1366",0.3,250,1250,6,0.95,0.976,0.976,0.76,54.1880920945888
"1367",0.6,250,1250,6,0.95,0.892,0.894,0.498,56.6485594757693
"1368",0.9,250,1250,6,0.95,0.29,0.29,0.34,81.5612938664945
"1369",0,500,1250,6,0.95,1,1,1,53.2575958768964
"1370",0.3,500,1250,6,0.95,1,1,0.856,57.6577992092096
"1371",0.6,500,1250,6,0.95,0.998,0.998,0.518,58.4770654435673
"1372",0.9,500,1250,6,0.95,0.632,0.67,0.364,65.3703878058989
"1373",0,1000,1250,6,0.95,1,1,1,54.2177709808185
"1374",0.3,1000,1250,6,0.95,1,1,0.852,55.0573489259512
"1375",0.6,1000,1250,6,0.95,1,1,0.526,57.6467356455962
"1376",0.9,1000,1250,6,0.95,0.992,0.992,0.338,57.7270803945355
"1377",0,125,5000,6,0.95,0.502,0.5,0.486,379.854625691071
"1378",0.3,125,5000,6,0.95,0.416,0.416,0.26,393.080789771509
"1379",0.6,125,5000,6,0.95,0.17,0.166,0.164,495.359436408722
"1380",0.9,125,5000,6,0.95,0.132,0.132,0.13,363.40729081527
"1381",0,250,5000,6,0.95,0.96,0.96,0.946,213.62947947898
"1382",0.3,250,5000,6,0.95,0.896,0.896,0.658,223.907707895859
"1383",0.6,250,5000,6,0.95,0.586,0.59,0.384,296.860391569646
"1384",0.9,250,5000,6,0.95,0.26,0.26,0.272,340.208458621023
"1385",0,500,5000,6,0.95,0.996,0.996,0.992,199.15551600149
"1386",0.3,500,5000,6,0.95,0.986,0.986,0.794,220.539048439889
"1387",0.6,500,5000,6,0.95,0.92,0.922,0.48,232.017157924344
"1388",0.9,500,5000,6,0.95,0.262,0.262,0.318,314.68396022767
"1389",0,1000,5000,6,0.95,1,1,1,219.425154101599
"1390",0.3,1000,5000,6,0.95,1,1,0.832,215.717986775487
"1391",0.6,1000,5000,6,0.95,0.996,0.996,0.542,231.630912308791
"1392",0.9,1000,5000,6,0.95,0.478,0.484,0.34,296.41292184532
"1393",0,125,15000,6,0.95,0.288,0.288,0.274,1440.52360733385
"1394",0.3,125,15000,6,0.95,0.202,0.202,0.166,1433.4735506912
"1395",0.6,125,15000,6,0.95,0.094,0.094,0.1,1600.69985613387
"1396",0.9,125,15000,6,0.95,0.072,0.072,0.072,1230.75063604708
"1397",0,250,15000,6,0.95,0.87,0.872,0.864,673.423876687171
"1398",0.3,250,15000,6,0.95,0.832,0.832,0.624,705.209716295374
"1399",0.6,250,15000,6,0.95,0.424,0.424,0.316,997.605898052978
"1400",0.9,250,15000,6,0.95,0.232,0.234,0.25,933.129979485957
"1401",0,500,15000,6,0.95,0.996,0.996,0.996,613.834366558149
"1402",0.3,500,15000,6,0.95,0.98,0.98,0.75,613.987258590932
"1403",0.6,500,15000,6,0.95,0.78,0.782,0.44,722.879156009757
"1404",0.9,500,15000,6,0.95,0.278,0.278,0.31,976.452900045969
"1405",0,1000,15000,6,0.95,1,1,1,619.272344596883
"1406",0.3,1000,15000,6,0.95,1,1,0.782,624.781690350913
"1407",0.6,1000,15000,6,0.95,0.956,0.956,0.496,688.660192018932
"1408",0.9,1000,15000,6,0.95,0.298,0.3,0.322,975.131591739058
"1409",0,125,250,9,0.95,0.878,0.88,0.482,10.8253056841629
"1410",0.3,125,250,9,0.95,0.84,0.844,0.284,12.3447716031591
"1411",0.6,125,250,9,0.95,0.716,0.718,0.124,13.1931157102532
"1412",0.9,125,250,9,0.95,0.162,0.162,0.084,39.2147040595253
"1413",0,250,250,9,0.95,1,0.998,0.96,10.3635975220276
"1414",0.3,250,250,9,0.95,1,1,0.694,10.5981653148048
"1415",0.6,250,250,9,0.95,1,0.996,0.388,10.7043331950415
"1416",0.9,250,250,9,0.95,0.91,0.912,0.17,10.3637643810199
"1417",0,500,250,9,0.95,1,1,0.998,5.39036152343101
"1418",0.3,500,250,9,0.95,1,1,0.922,6.06123270811556
"1419",0.6,500,250,9,0.95,1,1,0.876,6.11231236210595
"1420",0.9,500,250,9,0.95,0.998,0.998,0.888,4.93493517080796
"1421",0,1000,250,9,0.95,1,1,1,0.857322568885727
"1422",0.3,1000,250,9,0.95,1,1,0.972,1.12421069244123
"1423",0.6,1000,250,9,0.95,1,1,0.956,1.19105328314958
"1424",0.9,1000,250,9,0.95,1,1,0.958,1.13655464394796
"1425",0,125,1250,9,0.95,0.254,0.254,0.17,116.512583454443
"1426",0.3,125,1250,9,0.95,0.158,0.158,0.05,120.704830741058
"1427",0.6,125,1250,9,0.95,0.05,0.05,0.018,141.001447611987
"1428",0.9,125,1250,9,0.95,0.034,0.036,0.02,111.974221740901
"1429",0,250,1250,9,0.95,0.91,0.914,0.808,51.9750871841366
"1430",0.3,250,1250,9,0.95,0.864,0.864,0.466,61.742506575463
"1431",0.6,250,1250,9,0.95,0.554,0.566,0.174,74.5679390489414
"1432",0.9,250,1250,9,0.95,0.098,0.098,0.102,85.5617602449705
"1433",0,500,1250,9,0.95,0.998,0.998,0.994,51.0313621025465
"1434",0.3,500,1250,9,0.95,0.998,0.998,0.67,59.5142966435424
"1435",0.6,500,1250,9,0.95,0.97,0.968,0.314,61.7928366228037
"1436",0.9,500,1250,9,0.95,0.33,0.346,0.18,74.1699981337209
"1437",0,1000,1250,9,0.95,1,1,1,52.1803274103491
"1438",0.3,1000,1250,9,0.95,1,1,0.748,55.560130152555
"1439",0.6,1000,1250,9,0.95,1,1,0.38,62.2655865588243
"1440",0.9,1000,1250,9,0.95,0.976,0.974,0.204,62.5640031160714
"1441",0,125,5000,9,0.95,0.024,0.024,0.022,700.099128548302
"1442",0.3,125,5000,9,0.95,0.012,0.012,0.002,711.852223976488
"1443",0.6,125,5000,9,0.95,0.006,0.006,0.008,720.862434713063
"1444",0.9,125,5000,9,0.95,0.006,0.006,0.002,552.400843455386
"1445",0,250,5000,9,0.95,0.658,0.658,0.644,273.658523305142
"1446",0.3,250,5000,9,0.95,0.574,0.574,0.326,292.324502969677
"1447",0.6,250,5000,9,0.95,0.208,0.21,0.128,383.630777590726
"1448",0.9,250,5000,9,0.95,0.092,0.092,0.102,361.061327354684
"1449",0,500,5000,9,0.95,0.968,0.968,0.95,201.744916524432
"1450",0.3,500,5000,9,0.95,0.936,0.936,0.544,232.181650128868
"1451",0.6,500,5000,9,0.95,0.66,0.662,0.228,262.683249162566
"1452",0.9,500,5000,9,0.95,0.102,0.102,0.114,368.168893235558
"1453",0,1000,5000,9,0.95,1,1,1,219.598071942644
"1454",0.3,1000,5000,9,0.95,0.996,0.996,0.65,242.126050084998
"1455",0.6,1000,5000,9,0.95,0.972,0.972,0.316,245.61566381121
"1456",0.9,1000,5000,9,0.95,0.198,0.202,0.168,329.057211124738
"1457",0,125,15000,9,0.95,0.006,0.006,0.004,2452.81237208708
"1458",0.3,125,15000,9,0.95,0.002,0.002,0.002,2390.78039510436
"1459",0.6,125,15000,9,0.95,0,0,0,2338.09183849341
"1460",0.9,125,15000,9,0.95,0,0,0,1900.90289325002
"1461",0,250,15000,9,0.95,0.404,0.402,0.396,1022.81739766727
"1462",0.3,250,15000,9,0.95,0.328,0.328,0.144,1075.31758411542
"1463",0.6,250,15000,9,0.95,0.11,0.108,0.098,1369.92031056597
"1464",0.9,250,15000,9,0.95,0.058,0.058,0.062,1133.52406046379
"1465",0,500,15000,9,0.95,0.916,0.916,0.91,627.962136379117
"1466",0.3,500,15000,9,0.95,0.89,0.89,0.466,684.794483022485
"1467",0.6,500,15000,9,0.95,0.468,0.468,0.196,887.785249712835
"1468",0.9,500,15000,9,0.95,0.12,0.12,0.118,1025.71814698794
"1469",0,1000,15000,9,0.95,1,1,1,594.574474579183
"1470",0.3,1000,15000,9,0.95,0.988,0.988,0.582,694.394580542293
"1471",0.6,1000,15000,9,0.95,0.818,0.82,0.282,757.856442337905
"1472",0.9,1000,15000,9,0.95,0.13,0.13,0.158,1039.28102202114
"1473",0,125,250,12,0.95,0.584,0.582,0.124,13.4043829591783
"1474",0.3,125,250,12,0.95,0.556,0.55,0.042,14.769866114739
"1475",0.6,125,250,12,0.95,0.366,0.37,0.018,16.6435059165203
"1476",0.9,125,250,12,0.95,0.066,0.064,0.01,40.9904398457772
"1477",0,250,250,12,0.95,1,1,0.842,9.92913031313721
"1478",0.3,250,250,12,0.95,0.996,0.996,0.49,10.7430893911815
"1479",0.6,250,250,12,0.95,0.986,0.992,0.168,11.4746123775019
"1480",0.9,250,250,12,0.95,0.796,0.806,0.058,11.0107528769882
"1481",0,500,250,12,0.95,1,1,0.998,5.46699537419832
"1482",0.3,500,250,12,0.95,1,1,0.858,6.06350250143258
"1483",0.6,500,250,12,0.95,1,1,0.776,6.30472329213991
"1484",0.9,500,250,12,0.95,0.988,0.99,0.838,5.14035625927749
"1485",0,1000,250,12,0.95,1,1,1,0.968091260121426
"1486",0.3,1000,250,12,0.95,1,1,0.934,1.3489064383618
"1487",0.6,1000,250,12,0.95,1,1,0.91,1.21724734869367
"1488",0.9,1000,250,12,0.95,1,1,0.956,1.10886122509897
"1489",0,125,1250,12,0.95,0.01,0.01,0.006,180.771912228532
"1490",0.3,125,1250,12,0.95,0.006,0.006,0,182.67835732164
"1491",0.6,125,1250,12,0.95,0,0,0,187.05644945654
"1492",0.9,125,1250,12,0.95,0,0,0.002,148.620398702434
"1493",0,250,1250,12,0.95,0.662,0.658,0.49,65.9722971405241
"1494",0.3,250,1250,12,0.95,0.552,0.554,0.152,70.5684321594855
"1495",0.6,250,1250,12,0.95,0.244,0.254,0.034,87.7397859708833
"1496",0.9,250,1250,12,0.95,0.058,0.06,0.048,99.9084995138947
"1497",0,500,1250,12,0.95,0.996,0.996,0.938,54.4135713249582
"1498",0.3,500,1250,12,0.95,0.986,0.988,0.454,58.6696372758809
"1499",0.6,500,1250,12,0.95,0.914,0.918,0.17,62.9764692236598
"1500",0.9,500,1250,12,0.95,0.126,0.132,0.064,87.3188974091892
"1501",0,1000,1250,12,0.95,1,0.998,0.994,52.2172634801884
"1502",0.3,1000,1250,12,0.95,1,1,0.554,61.2257254100452
"1503",0.6,1000,1250,12,0.95,0.996,0.99,0.26,65.5867378822733
"1504",0.9,1000,1250,12,0.95,0.91,0.918,0.096,65.7930096243384
"1505",0,125,5000,12,0.95,0,0,0,1001.98671279737
"1506",0.3,125,5000,12,0.95,0,0,0,955.331982335601
"1507",0.6,125,5000,12,0.95,0,0,0,917.697456480836
"1508",0.9,125,5000,12,0.95,0,0,0,768.080169833538
"1509",0,250,5000,12,0.95,0.274,0.272,0.214,379.691343816764
"1510",0.3,250,5000,12,0.95,0.15,0.148,0.048,436.578872069217
"1511",0.6,250,5000,12,0.95,0.026,0.026,0.02,525.945419689128
"1512",0.9,250,5000,12,0.95,0.02,0.02,0.012,440.88933901849
"1513",0,500,5000,12,0.95,0.878,0.878,0.832,229.406092389099
"1514",0.3,500,5000,12,0.95,0.804,0.798,0.31,247.434663020131
"1515",0.6,500,5000,12,0.95,0.372,0.374,0.088,317.364163198587
"1516",0.9,500,5000,12,0.95,0.054,0.054,0.062,340.284216094301
"1517",0,1000,5000,12,0.95,0.994,0.992,0.982,220.150384834808
"1518",0.3,1000,5000,12,0.95,1,1,0.47,225.666213589023
"1519",0.6,1000,5000,12,0.95,0.874,0.878,0.188,278.288892421437
"1520",0.9,1000,5000,12,0.95,0.098,0.098,0.086,334.8992598532
"1521",0,125,15000,12,0.95,0,0,0,3153.14945010361
"1522",0.3,125,15000,12,0.95,0,0,0,2997.24096900762
"1523",0.6,125,15000,12,0.95,0,0,0,2880.55749263064
"1524",0.9,125,15000,12,0.95,0,0,0,2460.70650731508
"1525",0,250,15000,12,0.95,0.062,0.062,0.066,1525.69510963121
"1526",0.3,250,15000,12,0.95,0.034,0.034,0.012,1654.16362272509
"1527",0.6,250,15000,12,0.95,0.01,0.01,0.004,1777.36314682244
"1528",0.9,250,15000,12,0.95,0.01,0.01,0.01,1372.47321836348
"1529",0,500,15000,12,0.95,0.712,0.712,0.698,715.944047351641
"1530",0.3,500,15000,12,0.95,0.604,0.602,0.212,798.999793188175
"1531",0.6,500,15000,12,0.95,0.182,0.182,0.08,1078.35476003994
"1532",0.9,500,15000,12,0.95,0.048,0.05,0.046,1008.65458018269
"1533",0,1000,15000,12,0.95,0.974,0.974,0.966,633.95899980762
"1534",0.3,1000,15000,12,0.95,0.946,0.946,0.396,718.969114320447
"1535",0.6,1000,15000,12,0.95,0.618,0.622,0.176,805.484744738175
"1536",0.9,1000,15000,12,0.95,0.08,0.08,0.084,1092.10969666422
"1537",0,125,250,15,0.95,0.244,0.252,0.008,17.4325192553939
"1538",0.3,125,250,15,0.95,0.184,0.182,0.002,19.5042861770201
"1539",0.6,125,250,15,0.95,0.12,0.118,0.002,20.232811072753
"1540",0.9,125,250,15,0.95,0.028,0.028,0,20.9883194591798
"1541",0,250,250,15,0.95,0.998,0.992,0.58,10.023201343103
"1542",0.3,250,250,15,0.95,0.994,0.992,0.248,11.3041340632967
"1543",0.6,250,250,15,0.95,0.962,0.952,0.092,12.3953663533441
"1544",0.9,250,250,15,0.95,0.65,0.672,0.026,12.1307242599489
"1545",0,500,250,15,0.95,1,1,0.968,5.53437238915657
"1546",0.3,500,250,15,0.95,1,1,0.714,6.43646312926303
"1547",0.6,500,250,15,0.95,1,1,0.692,6.88161552739927
"1548",0.9,500,250,15,0.95,0.98,0.982,0.77,5.45489649546106
"1549",0,1000,250,15,0.95,1,1,1,0.999640877341176
"1550",0.3,1000,250,15,0.95,1,1,0.896,1.37939196332821
"1551",0.6,1000,250,15,0.95,1,1,0.902,1.39911899098583
"1552",0.9,1000,250,15,0.95,1,1,0.93,1.22025694271606
"1553",0,125,1250,15,0.95,0,0,0,240.827573518391
"1554",0.3,125,1250,15,0.95,0,0,0,236.112175984898
"1555",0.6,125,1250,15,0.95,0,0,0,227.867630120253
"1556",0.9,125,1250,15,0.95,0,0,0,190.891488001807
"1557",0,250,1250,15,0.95,0.314,0.316,0.16,80.320733253918
"1558",0.3,250,1250,15,0.95,0.226,0.222,0.032,91.3811836075827
"1559",0.6,250,1250,15,0.95,0.062,0.062,0.008,107.968066581372
"1560",0.9,250,1250,15,0.95,0.018,0.018,0.01,108.5157653136
"1561",0,500,1250,15,0.95,0.968,0.97,0.832,54.3475701233735
"1562",0.3,500,1250,15,0.95,0.95,0.954,0.312,61.8014575744088
"1563",0.6,500,1250,15,0.95,0.816,0.814,0.072,69.1915540885062
"1564",0.9,500,1250,15,0.95,0.064,0.07,0.026,88.8216089243376
"1565",0,1000,1250,15,0.95,1,1,0.992,54.9729511765066
"1566",0.3,1000,1250,15,0.95,0.998,0.998,0.478,58.0328991243531
"1567",0.6,1000,1250,15,0.95,0.996,0.99,0.152,63.811239300378
"1568",0.9,1000,1250,15,0.95,0.836,0.846,0.034,68.2799803329438
"1569",0,125,5000,15,0.95,0,0,0,1145.05528802334
"1570",0.3,125,5000,15,0.95,0,0,0,1149.70120291101
"1571",0.6,125,5000,15,0.95,0,0,0,1084.94820108549
"1572",0.9,125,5000,15,0.95,0,0,0,939.544787380892
"1573",0,250,5000,15,0.95,0.026,0.026,0.016,554.709317789848
"1574",0.3,250,5000,15,0.95,0.016,0.018,0.002,561.83933092869
"1575",0.6,250,5000,15,0.95,0.002,0.002,0.002,649.904689710176
"1576",0.9,250,5000,15,0.95,0,0,0,512.075568701295
"1577",0,500,5000,15,0.95,0.63,0.632,0.544,250.819019960718
"1578",0.3,500,5000,15,0.95,0.574,0.576,0.17,269.965597441626
"1579",0.6,500,5000,15,0.95,0.176,0.178,0.036,378.707699222511
"1580",0.9,500,5000,15,0.95,0.022,0.022,0.018,391.092115214836
"1581",0,1000,5000,15,0.95,0.974,0.976,0.934,205.016222084489
"1582",0.3,1000,5000,15,0.95,0.96,0.958,0.348,244.93819940016
"1583",0.6,1000,5000,15,0.95,0.738,0.736,0.112,284.313275926088
"1584",0.9,1000,5000,15,0.95,0.066,0.068,0.06,374.946133750468
"1585",0,125,15000,15,0.95,0,0,0,3544.29133282541
"1586",0.3,125,15000,15,0.95,0,0,0,3403.18861691038
"1587",0.6,125,15000,15,0.95,0,0,0,3205.72532631878
"1588",0.9,125,15000,15,0.95,0,0,0,2808.5738429782
"1589",0,250,15000,15,0.95,0.008,0.008,0.006,2092.27106559347
"1590",0.3,250,15000,15,0.95,0.002,0.002,0.002,2150.20245193614
"1591",0.6,250,15000,15,0.95,0,0,0,2215.06475688344
"1592",0.9,250,15000,15,0.95,0,0,0,1735.7781262048
"1593",0,500,15000,15,0.95,0.4,0.406,0.382,830.465941576849
"1594",0.3,500,15000,15,0.95,0.268,0.264,0.08,962.042264936587
"1595",0.6,500,15000,15,0.95,0.092,0.088,0.032,1257.34463647098
"1596",0.9,500,15000,15,0.95,0.024,0.024,0.016,1155.76263232144
"1597",0,1000,15000,15,0.95,0.92,0.92,0.898,626.007126735537
"1598",0.3,1000,15000,15,0.95,0.85,0.85,0.31,738.905746333725
"1599",0.6,1000,15000,15,0.95,0.416,0.418,0.074,904.718522224253
"1600",0.9,1000,15000,15,0.95,0.046,0.046,0.05,1160.56279633351
