"","Rho","N","P","P0","Rsq","Sure.Screening.Probability..Air.HOLP.","Sure.Screening.Probability..Ridge.HOLP.","Sure.Screening.Probability..SIS.","r"
"1",0,125,250,3,0.25,0.712,0.53,0.766,106.14971273484
"2",0.3,125,250,3,0.25,0.554,0.398,0.336,82.1140265236203
"3",0.6,125,250,3,0.25,0.396,0.306,0.094,48.0815853583466
"4",0.9,125,250,3,0.25,0.126,0.13,0.008,12.4712011094212
"5",0,250,250,3,0.25,0.962,0.758,0.982,98.4975639101475
"6",0.3,250,250,3,0.25,0.87,0.614,0.574,75.9895165688168
"7",0.6,250,250,3,0.25,0.718,0.574,0.222,45.7096645385859
"8",0.9,250,250,3,0.25,0.378,0.366,0.026,12.259747527056
"9",0,500,250,3,0.25,0.996,0.992,1,73.2321241219225
"10",0.3,500,250,3,0.25,0.986,0.976,0.63,55.9161087507393
"11",0.6,500,250,3,0.25,0.916,0.882,0.326,34.1929316187966
"12",0.9,500,250,3,0.25,0.616,0.616,0.176,9.59950646102484
"13",0,1000,250,3,0.25,1,1,1,20.9164653771927
"14",0.3,1000,250,3,0.25,1,1,0.682,17.4273123533379
"15",0.6,1000,250,3,0.25,0.998,0.998,0.378,10.881886769134
"16",0.9,1000,250,3,0.25,0.872,0.878,0.26,3.24615383741363
"17",0,125,1250,3,0.25,0.414,0.37,0.446,505.076578503205
"18",0.3,125,1250,3,0.25,0.288,0.272,0.138,380.027820401973
"19",0.6,125,1250,3,0.25,0.21,0.204,0.02,222.367781523311
"20",0.9,125,1250,3,0.25,0.056,0.048,0,57.2945568122572
"21",0,250,1250,3,0.25,0.886,0.842,0.884,585.300698059655
"22",0.3,250,1250,3,0.25,0.768,0.704,0.352,442.300624952052
"23",0.6,250,1250,3,0.25,0.556,0.502,0.072,262.706746441804
"24",0.9,250,1250,3,0.25,0.226,0.196,0.006,69.4528820059776
"25",0,500,1250,3,0.25,0.984,0.95,0.99,652.272255543968
"26",0.3,500,1250,3,0.25,0.952,0.886,0.55,493.679633618693
"27",0.6,500,1250,3,0.25,0.822,0.738,0.234,297.915127245957
"28",0.9,500,1250,3,0.25,0.436,0.368,0.026,81.0639314263893
"29",0,1000,1250,3,0.25,1,0.958,0.998,665.844851632502
"30",0.3,1000,1250,3,0.25,0.988,0.898,0.606,508.156039141208
"31",0.6,1000,1250,3,0.25,0.956,0.734,0.348,311.225341404874
"32",0.9,1000,1250,3,0.25,0.684,0.522,0.096,85.1354489062886
"33",0,125,5000,3,0.25,0.23,0.228,0.242,1713.0142569734
"34",0.3,125,5000,3,0.25,0.128,0.128,0.032,1271.06501492504
"35",0.6,125,5000,3,0.25,0.06,0.058,0.002,739.347270475525
"36",0.9,125,5000,3,0.25,0.004,0.004,0,187.045877761177
"37",0,250,5000,3,0.25,0.784,0.762,0.79,2044.1378004193
"38",0.3,250,5000,3,0.25,0.58,0.572,0.246,1547.02774203313
"39",0.6,250,5000,3,0.25,0.358,0.352,0.04,901.629139060777
"40",0.9,250,5000,3,0.25,0.118,0.116,0,235.587894575717
"41",0,500,5000,3,0.25,0.96,0.952,0.964,2463.15040062371
"42",0.3,500,5000,3,0.25,0.918,0.9,0.452,1837.47209464977
"43",0.6,500,5000,3,0.25,0.722,0.706,0.146,1094.28466984064
"44",0.9,500,5000,3,0.25,0.382,0.368,0.002,290.082850578076
"45",0,1000,5000,3,0.25,0.998,0.994,0.996,2825.56391502733
"46",0.3,1000,5000,3,0.25,0.988,0.98,0.624,2130.51007189783
"47",0.6,1000,5000,3,0.25,0.926,0.886,0.334,1277.25347718141
"48",0.9,1000,5000,3,0.25,0.606,0.56,0.032,345.297253084331
"49",0,125,15000,3,0.25,0.108,0.104,0.11,4420.69624319453
"50",0.3,125,15000,3,0.25,0.048,0.048,0.006,3258.90141312832
"51",0.6,125,15000,3,0.25,0.022,0.022,0,1886.55177260232
"52",0.9,125,15000,3,0.25,0.004,0.004,0,478.744154276842
"53",0,250,15000,3,0.25,0.646,0.644,0.652,5333.08202651248
"54",0.3,250,15000,3,0.25,0.456,0.446,0.148,3971.50170814738
"55",0.6,250,15000,3,0.25,0.274,0.274,0.014,2319.17871765378
"56",0.9,250,15000,3,0.25,0.07,0.066,0.002,603.720638889806
"57",0,500,15000,3,0.25,0.954,0.954,0.948,6503.29409117514
"58",0.3,500,15000,3,0.25,0.842,0.83,0.388,4814.29803947701
"59",0.6,500,15000,3,0.25,0.614,0.61,0.074,2843.42133164919
"60",0.9,500,15000,3,0.25,0.332,0.33,0.012,743.692434775851
"61",0,1000,15000,3,0.25,0.994,0.992,0.994,7655.350498939
"62",0.3,1000,15000,3,0.25,0.976,0.976,0.57,5734.38247378589
"63",0.6,1000,15000,3,0.25,0.86,0.848,0.236,3463.88642433764
"64",0.9,1000,15000,3,0.25,0.484,0.474,0.008,916.059109037944
"65",0,125,250,6,0.25,0.06,0.026,0.072,110.225802149696
"66",0.3,125,250,6,0.25,0.034,0.016,0.012,83.4240048419361
"67",0.6,125,250,6,0.25,0.024,0.01,0.004,48.773405832508
"68",0.9,125,250,6,0.25,0,0,0,12.4140665211075
"69",0,250,250,6,0.25,0.548,0.144,0.66,103.550091254062
"70",0.3,250,250,6,0.25,0.36,0.106,0.136,78.0688622027891
"71",0.6,250,250,6,0.25,0.232,0.098,0.036,47.2206492989857
"72",0.9,250,250,6,0.25,0.122,0.116,0.006,12.1274954700552
"73",0,500,250,6,0.25,0.936,0.878,0.96,75.920878913148
"74",0.3,500,250,6,0.25,0.848,0.744,0.242,57.7769506609218
"75",0.6,500,250,6,0.25,0.584,0.514,0.086,35.4674506748957
"76",0.9,500,250,6,0.25,0.294,0.294,0.012,9.62586337354892
"77",0,1000,250,6,0.25,0.994,0.994,0.998,21.5562441703964
"78",0.3,1000,250,6,0.25,0.978,0.976,0.25,17.9475814594696
"79",0.6,1000,250,6,0.25,0.922,0.922,0.104,11.0877630494021
"80",0.9,1000,250,6,0.25,0.644,0.646,0.068,3.23199353881559
"81",0,125,1250,6,0.25,0.01,0.008,0.008,531.019212367096
"82",0.3,125,1250,6,0.25,0.002,0.002,0,391.047214877863
"83",0.6,125,1250,6,0.25,0.002,0,0,229.472412237622
"84",0.9,125,1250,6,0.25,0.002,0,0,58.3473333519709
"85",0,250,1250,6,0.25,0.196,0.144,0.204,608.580840988956
"86",0.3,250,1250,6,0.25,0.082,0.06,0.014,459.903787489915
"87",0.6,250,1250,6,0.25,0.054,0.042,0.004,267.934522325317
"88",0.9,250,1250,6,0.25,0.04,0.034,0.002,69.1824392383983
"89",0,500,1250,6,0.25,0.762,0.588,0.782,668.028461348525
"90",0.3,500,1250,6,0.25,0.552,0.368,0.132,506.793167102273
"91",0.6,500,1250,6,0.25,0.358,0.21,0.024,303.617390025375
"92",0.9,500,1250,6,0.25,0.162,0.124,0.002,80.9022303930867
"93",0,1000,1250,6,0.25,0.956,0.598,0.97,676.514762682498
"94",0.3,1000,1250,6,0.25,0.892,0.432,0.178,514.086954728453
"95",0.6,1000,1250,6,0.25,0.704,0.324,0.044,314.951176827234
"96",0.9,1000,1250,6,0.25,0.342,0.212,0.006,86.4132908676815
"97",0,125,5000,6,0.25,0,0,0,1763.07934449921
"98",0.3,125,5000,6,0.25,0,0,0,1314.34517486116
"99",0.6,125,5000,6,0.25,0,0,0,751.420918405361
"100",0.9,125,5000,6,0.25,0,0,0,189.2812248255
"101",0,250,5000,6,0.25,0.046,0.042,0.052,2126.4078832225
"102",0.3,250,5000,6,0.25,0.024,0.018,0.006,1579.18913279387
"103",0.6,250,5000,6,0.25,0.014,0.012,0.002,918.892596081666
"104",0.9,250,5000,6,0.25,0.002,0.002,0,237.073066187316
"105",0,500,5000,6,0.25,0.502,0.464,0.532,2507.68193717866
"106",0.3,500,5000,6,0.25,0.318,0.288,0.042,1891.11518020129
"107",0.6,500,5000,6,0.25,0.22,0.2,0.014,1112.62808659618
"108",0.9,500,5000,6,0.25,0.118,0.106,0.006,288.683012616165
"109",0,1000,5000,6,0.25,0.914,0.884,0.914,2854.9655317079
"110",0.3,1000,5000,6,0.25,0.77,0.706,0.128,2147.30732141133
"111",0.6,1000,5000,6,0.25,0.546,0.468,0.028,1296.99491907911
"112",0.9,1000,5000,6,0.25,0.242,0.212,0.004,343.813219353855
"113",0,125,15000,6,0.25,0,0,0,4536.0716292413
"114",0.3,125,15000,6,0.25,0,0,0,3326.42700456428
"115",0.6,125,15000,6,0.25,0,0,0,1921.55454909513
"116",0.9,125,15000,6,0.25,0,0,0,478.978996866617
"117",0,250,15000,6,0.25,0.01,0.01,0.008,5573.46642571659
"118",0.3,250,15000,6,0.25,0.006,0.006,0,4056.94885940467
"119",0.6,250,15000,6,0.25,0.002,0.002,0,2376.49945837569
"120",0.9,250,15000,6,0.25,0,0,0,601.908715936376
"121",0,500,15000,6,0.25,0.35,0.342,0.362,6640.4319420927
"122",0.3,500,15000,6,0.25,0.208,0.206,0.04,4938.04048485137
"123",0.6,500,15000,6,0.25,0.114,0.114,0.004,2915.27854943695
"124",0.9,500,15000,6,0.25,0.068,0.06,0.002,750.101477425075
"125",0,1000,15000,6,0.25,0.826,0.81,0.834,7785.54113930808
"126",0.3,1000,15000,6,0.25,0.622,0.598,0.092,5854.84158546645
"127",0.6,1000,15000,6,0.25,0.434,0.402,0.026,3468.91006982808
"128",0.9,1000,15000,6,0.25,0.188,0.184,0.004,910.900182169847
"129",0,125,250,9,0.25,0,0,0,112.637981366975
"130",0.3,125,250,9,0.25,0,0,0,85.2572794133072
"131",0.6,125,250,9,0.25,0,0,0,49.4712645032858
"132",0.9,125,250,9,0.25,0,0,0,12.571584067153
"133",0,250,250,9,0.25,0.138,0.008,0.196,106.431052179151
"134",0.3,250,250,9,0.25,0.06,0.008,0.024,80.5927774065756
"135",0.6,250,250,9,0.25,0.034,0.006,0.002,47.6550694458567
"136",0.9,250,250,9,0.25,0.014,0.014,0.002,12.3453916206481
"137",0,500,250,9,0.25,0.712,0.568,0.764,77.9233481550669
"138",0.3,500,250,9,0.25,0.526,0.408,0.066,59.0109041811175
"139",0.6,500,250,9,0.25,0.316,0.246,0.03,35.7966749854323
"140",0.9,500,250,9,0.25,0.186,0.194,0.002,9.70882207922092
"141",0,1000,250,9,0.25,0.986,0.986,0.986,21.9893127072741
"142",0.3,1000,250,9,0.25,0.92,0.92,0.182,18.4490493315303
"143",0.6,1000,250,9,0.25,0.774,0.772,0.052,11.4384260687357
"144",0.9,1000,250,9,0.25,0.394,0.408,0.018,3.3487338609292
"145",0,125,1250,9,0.25,0,0,0,535.772902857463
"146",0.3,125,1250,9,0.25,0,0,0,396.793080252815
"147",0.6,125,1250,9,0.25,0,0,0,229.51655728745
"148",0.9,125,1250,9,0.25,0,0,0,57.9646111886621
"149",0,250,1250,9,0.25,0.004,0.004,0.006,621.557083756285
"150",0.3,250,1250,9,0.25,0,0,0,463.779327300648
"151",0.6,250,1250,9,0.25,0,0,0,274.87836151556
"152",0.9,250,1250,9,0.25,0,0,0,69.6097073177754
"153",0,500,1250,9,0.25,0.3,0.116,0.334,680.775222147404
"154",0.3,500,1250,9,0.25,0.142,0.074,0.02,517.227715413086
"155",0.6,500,1250,9,0.25,0.088,0.042,0,310.403074123263
"156",0.9,500,1250,9,0.25,0.036,0.022,0.002,82.0861630300279
"157",0,1000,1250,9,0.25,0.8,0.196,0.83,683.448452071587
"158",0.3,1000,1250,9,0.25,0.594,0.094,0.082,525.598655466308
"159",0.6,1000,1250,9,0.25,0.414,0.076,0.014,320.110163934821
"160",0.9,1000,1250,9,0.25,0.17,0.104,0.002,86.6472440432695
"161",0,125,5000,9,0.25,0,0,0,1786.8824329011
"162",0.3,125,5000,9,0.25,0,0,0,1310.47602854595
"163",0.6,125,5000,9,0.25,0,0,0,756.171020433972
"164",0.9,125,5000,9,0.25,0,0,0,188.767372809551
"165",0,250,5000,9,0.25,0,0,0,2178.75848386244
"166",0.3,250,5000,9,0.25,0,0,0,1616.6474473675
"167",0.6,250,5000,9,0.25,0,0,0,930.141398807619
"168",0.9,250,5000,9,0.25,0,0,0,238.483915156747
"169",0,500,5000,9,0.25,0.078,0.074,0.09,2580.67675750603
"170",0.3,500,5000,9,0.25,0.052,0.034,0.002,1934.06206177016
"171",0.6,500,5000,9,0.25,0.028,0.018,0.002,1134.72686993445
"172",0.9,500,5000,9,0.25,0.006,0.004,0,293.392200543656
"173",0,1000,5000,9,0.25,0.59,0.496,0.606,2906.73770178332
"174",0.3,1000,5000,9,0.25,0.392,0.306,0.04,2192.5054890606
"175",0.6,1000,5000,9,0.25,0.234,0.17,0.014,1317.6531897989
"176",0.9,1000,5000,9,0.25,0.098,0.088,0,349.460747052075
"177",0,125,15000,9,0.25,0,0,0,4536.8679002248
"178",0.3,125,15000,9,0.25,0,0,0,3352.1017435708
"179",0.6,125,15000,9,0.25,0,0,0,1902.51943314595
"180",0.9,125,15000,9,0.25,0,0,0,477.132184241143
"181",0,250,15000,9,0.25,0,0,0,5672.18147159199
"182",0.3,250,15000,9,0.25,0,0,0,4172.49171218083
"183",0.6,250,15000,9,0.25,0,0,0,2407.0750976815
"184",0.9,250,15000,9,0.25,0,0,0,608.527365794449
"185",0,500,15000,9,0.25,0.024,0.022,0.028,6803.78361896837
"186",0.3,500,15000,9,0.25,0.01,0.01,0,5039.54630177928
"187",0.6,500,15000,9,0.25,0.006,0.004,0,2924.02701328441
"188",0.9,500,15000,9,0.25,0,0.002,0,756.808726342859
"189",0,1000,15000,9,0.25,0.406,0.372,0.426,7873.55675520739
"190",0.3,1000,15000,9,0.25,0.222,0.212,0.02,5885.50601650218
"191",0.6,1000,15000,9,0.25,0.132,0.122,0.01,3529.33303617637
"192",0.9,1000,15000,9,0.25,0.082,0.068,0,915.5400337901
"193",0,125,250,12,0.25,0,0,0,116.315318063611
"194",0.3,125,250,12,0.25,0,0,0,85.6103947232455
"195",0.6,125,250,12,0.25,0,0,0,49.3082756087841
"196",0.9,125,250,12,0.25,0,0,0,12.5217671954603
"197",0,250,250,12,0.25,0.008,0,0.01,109.540378438711
"198",0.3,250,250,12,0.25,0.006,0.002,0.002,82.3669150498463
"199",0.6,250,250,12,0.25,0.002,0,0.002,48.886479570528
"200",0.9,250,250,12,0.25,0,0,0,12.4916508196923
"201",0,500,250,12,0.25,0.42,0.288,0.498,79.7464713633511
"202",0.3,500,250,12,0.25,0.244,0.142,0.05,60.9993382074572
"203",0.6,500,250,12,0.25,0.122,0.082,0.012,36.7266501542917
"204",0.9,500,250,12,0.25,0.066,0.068,0,9.78882616134294
"205",0,1000,250,12,0.25,0.918,0.914,0.938,22.4896150116326
"206",0.3,1000,250,12,0.25,0.776,0.772,0.106,18.887685254212
"207",0.6,1000,250,12,0.25,0.598,0.592,0.024,11.8591051064908
"208",0.9,1000,250,12,0.25,0.28,0.286,0.006,3.38014625591278
"209",0,125,1250,12,0.25,0,0,0,541.917399269736
"210",0.3,125,1250,12,0.25,0,0,0,396.804696672331
"211",0.6,125,1250,12,0.25,0,0,0,230.109599768015
"212",0.9,125,1250,12,0.25,0,0,0,57.918306936575
"213",0,250,1250,12,0.25,0,0,0,634.09899967451
"214",0.3,250,1250,12,0.25,0,0,0,472.16515802437
"215",0.6,250,1250,12,0.25,0,0,0,276.422956235882
"216",0.9,250,1250,12,0.25,0,0,0,69.2955841987824
"217",0,500,1250,12,0.25,0.054,0.01,0.074,698.56132891637
"218",0.3,500,1250,12,0.25,0.024,0.01,0.008,524.895510440154
"219",0.6,500,1250,12,0.25,0.012,0.002,0,312.681776866053
"220",0.9,500,1250,12,0.25,0.002,0,0,82.4618579868245
"221",0,1000,1250,12,0.25,0.59,0.02,0.638,692.832764159842
"222",0.3,1000,1250,12,0.25,0.336,0.01,0.046,532.214851484
"223",0.6,1000,1250,12,0.25,0.212,0.02,0.022,325.028957248098
"224",0.9,1000,1250,12,0.25,0.092,0.028,0.002,87.3810186450522
"225",0,125,5000,12,0.25,0,0,0,1784.56834402542
"226",0.3,125,5000,12,0.25,0,0,0,1319.75143517546
"227",0.6,125,5000,12,0.25,0,0,0,765.95012979091
"228",0.9,125,5000,12,0.25,0,0,0,190.873133257149
"229",0,250,5000,12,0.25,0,0,0,2209.17455856781
"230",0.3,250,5000,12,0.25,0,0,0,1637.49275278369
"231",0.6,250,5000,12,0.25,0,0,0,938.217847640511
"232",0.9,250,5000,12,0.25,0,0,0,239.9243327161
"233",0,500,5000,12,0.25,0.01,0.01,0.01,2601.87194418817
"234",0.3,500,5000,12,0.25,0,0,0,1951.3808879682
"235",0.6,500,5000,12,0.25,0,0,0,1138.31599088644
"236",0.9,500,5000,12,0.25,0,0,0,294.109472272399
"237",0,1000,5000,12,0.25,0.254,0.164,0.278,2920.40486600053
"238",0.3,1000,5000,12,0.25,0.122,0.08,0.008,2221.47095756904
"239",0.6,1000,5000,12,0.25,0.066,0.044,0,1327.13578288381
"240",0.9,1000,5000,12,0.25,0.034,0.02,0,350.296504315188
"241",0,125,15000,12,0.25,0,0,0,4545.43881203044
"242",0.3,125,15000,12,0.25,0,0,0,3343.08391292861
"243",0.6,125,15000,12,0.25,0,0,0,1911.06335404744
"244",0.9,125,15000,12,0.25,0,0,0,477.212998015569
"245",0,250,15000,12,0.25,0,0,0,5749.0521673135
"246",0.3,250,15000,12,0.25,0,0,0,4117.71746140489
"247",0.6,250,15000,12,0.25,0,0,0,2396.92131661878
"248",0.9,250,15000,12,0.25,0,0,0,605.460489567364
"249",0,500,15000,12,0.25,0.002,0.002,0.002,6935.00265649834
"250",0.3,500,15000,12,0.25,0,0,0,5112.55011468296
"251",0.6,500,15000,12,0.25,0,0,0,2965.45554613609
"252",0.9,500,15000,12,0.25,0,0,0,762.274605248446
"253",0,1000,15000,12,0.25,0.114,0.09,0.122,7996.69771103708
"254",0.3,1000,15000,12,0.25,0.05,0.042,0.006,5949.84184275152
"255",0.6,1000,15000,12,0.25,0.032,0.022,0.004,3556.86421425462
"256",0.9,1000,15000,12,0.25,0.012,0.012,0,922.002857501168
"257",0,125,250,15,0.25,0,0,0,116.063199918285
"258",0.3,125,250,15,0.25,0,0,0,87.6517956922749
"259",0.6,125,250,15,0.25,0,0,0,50.2731109574701
"260",0.9,125,250,15,0.25,0,0,0,12.6107855636912
"261",0,250,250,15,0.25,0.002,0,0.002,112.329977193562
"262",0.3,250,250,15,0.25,0,0,0,83.5217205873358
"263",0.6,250,250,15,0.25,0,0,0,49.3466500044744
"264",0.9,250,250,15,0.25,0,0,0,12.4784453893232
"265",0,500,250,15,0.25,0.186,0.078,0.252,81.3677383411751
"266",0.3,500,250,15,0.25,0.066,0.028,0.01,61.87435183751
"267",0.6,500,250,15,0.25,0.038,0.028,0,37.0378527198545
"268",0.9,500,250,15,0.25,0.014,0.014,0.002,9.82085296718157
"269",0,1000,250,15,0.25,0.892,0.894,0.886,23.2741194741423
"270",0.3,1000,250,15,0.25,0.612,0.602,0.06,19.4040517082429
"271",0.6,1000,250,15,0.25,0.424,0.422,0.022,12.2001548071175
"272",0.9,1000,250,15,0.25,0.2,0.206,0.002,3.38109843909053
"273",0,125,1250,15,0.25,0,0,0,545.963091899844
"274",0.3,125,1250,15,0.25,0,0,0,400.296988743088
"275",0.6,125,1250,15,0.25,0,0,0,231.435515886986
"276",0.9,125,1250,15,0.25,0,0,0,57.8350890592771
"277",0,250,1250,15,0.25,0,0,0,646.096718341014
"278",0.3,250,1250,15,0.25,0,0,0,477.386804767382
"279",0.6,250,1250,15,0.25,0,0,0,279.103859135768
"280",0.9,250,1250,15,0.25,0,0,0,69.8538328834984
"281",0,500,1250,15,0.25,0.01,0,0.01,707.091427464574
"282",0.3,500,1250,15,0.25,0,0,0,534.52697110608
"283",0.6,500,1250,15,0.25,0,0,0,317.409018373394
"284",0.9,500,1250,15,0.25,0,0,0,82.9651619290693
"285",0,1000,1250,15,0.25,0.28,0.006,0.328,699.499637219403
"286",0.3,1000,1250,15,0.25,0.108,0,0.01,543.197889419576
"287",0.6,1000,1250,15,0.25,0.094,0,0.004,326.861387417214
"288",0.9,1000,1250,15,0.25,0.04,0.008,0,88.4953716190106
"289",0,125,5000,15,0.25,0,0,0,1809.76739468384
"290",0.3,125,5000,15,0.25,0,0,0,1316.49321926655
"291",0.6,125,5000,15,0.25,0,0,0,752.923852428391
"292",0.9,125,5000,15,0.25,0,0,0,189.576738831609
"293",0,250,5000,15,0.25,0,0,0,2219.965734425
"294",0.3,250,5000,15,0.25,0,0,0,1639.11281508036
"295",0.6,250,5000,15,0.25,0,0,0,949.071416573083
"296",0.9,250,5000,15,0.25,0,0,0,238.584620459863
"297",0,500,5000,15,0.25,0,0,0,2656.27855801936
"298",0.3,500,5000,15,0.25,0,0,0,1968.71309400264
"299",0.6,500,5000,15,0.25,0,0,0,1155.39874111885
"300",0.9,500,5000,15,0.25,0,0,0,297.177200374798
"301",0,1000,5000,15,0.25,0.068,0.042,0.062,2956.85640986158
"302",0.3,1000,5000,15,0.25,0.024,0.01,0.002,2242.1505835621
"303",0.6,1000,5000,15,0.25,0.022,0.018,0,1343.14908005416
"304",0.9,1000,5000,15,0.25,0.004,0,0,350.336540569665
"305",0,125,15000,15,0.25,0,0,0,4529.15351326934
"306",0.3,125,15000,15,0.25,0,0,0,3330.6579869804
"307",0.6,125,15000,15,0.25,0,0,0,1912.34968827529
"308",0.9,125,15000,15,0.25,0,0,0,478.250438014631
"309",0,250,15000,15,0.25,0,0,0,5813.23217264944
"310",0.3,250,15000,15,0.25,0,0,0,4215.93910176763
"311",0.6,250,15000,15,0.25,0,0,0,2421.00992785485
"312",0.9,250,15000,15,0.25,0,0,0,607.843640822972
"313",0,500,15000,15,0.25,0,0,0,7045.94255217226
"314",0.3,500,15000,15,0.25,0,0,0,5170.00282236429
"315",0.6,500,15000,15,0.25,0,0,0,3008.27945259369
"316",0.9,500,15000,15,0.25,0,0,0,763.527315082406
"317",0,1000,15000,15,0.25,0.004,0.004,0.008,8102.92094354327
"318",0.3,1000,15000,15,0.25,0,0,0,6060.5329523481
"319",0.6,1000,15000,15,0.25,0.004,0,0,3606.39531814213
"320",0.9,1000,15000,15,0.25,0.002,0.002,0,927.647523477646
"321",0,125,250,3,0.5,0.97,0.946,0.96,76.3858781280076
"322",0.3,125,250,3,0.5,0.948,0.874,0.5,63.2351063805465
"323",0.6,125,250,3,0.5,0.78,0.724,0.152,40.1460589519404
"324",0.9,125,250,3,0.5,0.444,0.444,0.022,11.5124070144742
"325",0,250,250,3,0.5,0.998,0.986,1,68.4997953869728
"326",0.3,250,250,3,0.5,0.992,0.966,0.622,56.5260979953912
"327",0.6,250,250,3,0.5,0.944,0.888,0.308,36.6413719456433
"328",0.9,250,250,3,0.5,0.666,0.654,0.042,11.0971283845996
"329",0,500,250,3,0.5,1,1,1,47.504772199337
"330",0.3,500,250,3,0.5,1,1,0.642,38.8627628840619
"331",0.6,500,250,3,0.5,0.994,0.99,0.342,26.2228862132563
"332",0.9,500,250,3,0.5,0.854,0.85,0.252,8.47025797893772
"333",0,1000,250,3,0.5,1,1,1,11.1353398685421
"334",0.3,1000,250,3,0.5,1,1,0.672,10.2633491603439
"335",0.6,1000,250,3,0.5,1,1,0.376,7.18481362711494
"336",0.9,1000,250,3,0.5,0.98,0.982,0.27,2.61022900546036
"337",0,125,1250,3,0.5,0.908,0.894,0.898,382.125058060849
"338",0.3,125,1250,3,0.5,0.82,0.798,0.352,309.363910675957
"339",0.6,125,1250,3,0.5,0.66,0.628,0.04,191.588587175926
"340",0.9,125,1250,3,0.5,0.298,0.286,0.006,53.8548108056002
"341",0,250,1250,3,0.5,0.996,0.994,0.996,421.599345645997
"342",0.3,250,1250,3,0.5,0.988,0.974,0.51,338.894062792567
"343",0.6,250,1250,3,0.5,0.884,0.856,0.176,217.32043854749
"344",0.9,250,1250,3,0.5,0.54,0.512,0.01,63.2232220360277
"345",0,500,1250,3,0.5,1,1,1,450.205663164721
"346",0.3,500,1250,3,0.5,0.994,0.99,0.606,362.864366627937
"347",0.6,500,1250,3,0.5,0.97,0.946,0.334,238.048451086911
"348",0.9,500,1250,3,0.5,0.712,0.678,0.072,72.6572459611737
"349",0,1000,1250,3,0.5,1,1,1,443.627443974602
"350",0.3,1000,1250,3,0.5,1,1,0.63,362.572157775264
"351",0.6,1000,1250,3,0.5,0.996,0.958,0.37,240.658505686661
"352",0.9,1000,1250,3,0.5,0.904,0.782,0.18,73.9372632490483
"353",0,125,5000,3,0.5,0.77,0.772,0.776,1355.97413913734
"354",0.3,125,5000,3,0.5,0.616,0.606,0.178,1094.84545486627
"355",0.6,125,5000,3,0.5,0.416,0.414,0.026,647.76104917929
"356",0.9,125,5000,3,0.5,0.116,0.11,0,181.836734135942
"357",0,250,5000,3,0.5,0.986,0.986,0.986,1534.22753243637
"358",0.3,250,5000,3,0.5,0.942,0.938,0.436,1234.71429535315
"359",0.6,250,5000,3,0.5,0.758,0.754,0.112,774.338015664105
"360",0.9,250,5000,3,0.5,0.462,0.454,0.002,219.723509124163
"361",0,500,5000,3,0.5,0.998,0.998,0.998,1764.30923069941
"362",0.3,500,5000,3,0.5,0.998,0.998,0.544,1412.70863227207
"363",0.6,500,5000,3,0.5,0.948,0.942,0.26,898.978161543969
"364",0.9,500,5000,3,0.5,0.694,0.67,0.01,263.91766373336
"365",0,1000,5000,3,0.5,1,1,1,1945.53378229554
"366",0.3,1000,5000,3,0.5,1,1,0.672,1584.26110983966
"367",0.6,1000,5000,3,0.5,0.994,0.994,0.388,1017.72619259594
"368",0.9,1000,5000,3,0.5,0.82,0.792,0.09,309.927097349212
"369",0,125,15000,3,0.5,0.672,0.668,0.668,3608.80118497422
"370",0.3,125,15000,3,0.5,0.484,0.484,0.078,2898.20412015659
"371",0.6,125,15000,3,0.5,0.324,0.32,0.002,1742.50250441317
"372",0.9,125,15000,3,0.5,0.074,0.068,0,461.83081036595
"373",0,250,15000,3,0.5,0.958,0.96,0.954,4136.62180516145
"374",0.3,250,15000,3,0.5,0.902,0.906,0.414,3268.53863235599
"375",0.6,250,15000,3,0.5,0.714,0.706,0.08,2029.48360588723
"376",0.9,250,15000,3,0.5,0.326,0.322,0.002,572.651610903059
"377",0,500,15000,3,0.5,0.996,0.996,0.996,4819.01514312548
"378",0.3,500,15000,3,0.5,0.99,0.992,0.53,3818.3204438613
"379",0.6,500,15000,3,0.5,0.942,0.938,0.222,2408.07268561127
"380",0.9,500,15000,3,0.5,0.614,0.614,0.012,682.926423665607
"381",0,1000,15000,3,0.5,1,1,1,5479.44021536692
"382",0.3,1000,15000,3,0.5,1,1,0.606,4394.289810861
"383",0.6,1000,15000,3,0.5,0.992,0.988,0.342,2869.16149137762
"384",0.9,1000,15000,3,0.5,0.752,0.736,0.032,835.4328927677
"385",0,125,250,6,0.5,0.526,0.386,0.478,82.096747651629
"386",0.3,125,250,6,0.5,0.374,0.25,0.07,65.9304242870286
"387",0.6,125,250,6,0.5,0.238,0.184,0.016,41.5875982651819
"388",0.9,125,250,6,0.5,0.096,0.096,0.002,11.568722244667
"389",0,250,250,6,0.5,0.962,0.746,0.946,71.9611167995047
"390",0.3,250,250,6,0.5,0.848,0.61,0.198,58.6233289800994
"391",0.6,250,250,6,0.5,0.67,0.5,0.056,38.6041082314031
"392",0.9,250,250,6,0.5,0.314,0.312,0.01,11.0861897299104
"393",0,500,250,6,0.5,1,0.996,1,49.0579928074378
"394",0.3,500,250,6,0.5,0.992,0.988,0.278,40.3450140655803
"395",0.6,500,250,6,0.5,0.902,0.864,0.106,27.5441950161666
"396",0.9,500,250,6,0.5,0.558,0.552,0.01,8.4981321475409
"397",0,1000,250,6,0.5,1,1,1,11.3418336868531
"398",0.3,1000,250,6,0.5,1,1,0.26,10.6773373825889
"399",0.6,1000,250,6,0.5,1,1,0.102,7.34914801136329
"400",0.9,1000,250,6,0.5,0.862,0.864,0.078,2.6111479678536
"401",0,125,1250,6,0.5,0.168,0.152,0.18,419.120401627276
"402",0.3,125,1250,6,0.5,0.078,0.068,0.012,334.055945557364
"403",0.6,125,1250,6,0.5,0.078,0.066,0.008,204.562716850451
"404",0.9,125,1250,6,0.5,0.03,0.024,0,56.0177499471071
"405",0,250,1250,6,0.5,0.754,0.726,0.766,436.40830575824
"406",0.3,250,1250,6,0.5,0.648,0.58,0.084,356.815749352073
"407",0.6,250,1250,6,0.5,0.338,0.308,0.032,227.50021445844
"408",0.9,250,1250,6,0.5,0.182,0.17,0.01,63.6653125308035
"409",0,500,1250,6,0.5,0.984,0.974,0.988,459.156337316101
"410",0.3,500,1250,6,0.5,0.936,0.874,0.192,376.081603380155
"411",0.6,500,1250,6,0.5,0.748,0.646,0.042,244.744869145148
"412",0.9,500,1250,6,0.5,0.404,0.34,0.006,72.4770258651897
"413",0,1000,1250,6,0.5,1,0.968,0.998,447.309872235328
"414",0.3,1000,1250,6,0.5,1,0.926,0.202,366.399865398552
"415",0.6,1000,1250,6,0.5,0.936,0.758,0.072,242.83394494228
"416",0.9,1000,1250,6,0.5,0.596,0.466,0.012,76.0108370384632
"417",0,125,5000,6,0.5,0.03,0.028,0.028,1498.93176247282
"418",0.3,125,5000,6,0.5,0.026,0.026,0.002,1171.05210618623
"419",0.6,125,5000,6,0.5,0.008,0.008,0,703.368891102919
"420",0.9,125,5000,6,0.5,0.012,0.012,0,182.443145712342
"421",0,250,5000,6,0.5,0.554,0.534,0.542,1611.09281729665
"422",0.3,250,5000,6,0.5,0.372,0.352,0.052,1293.03842395503
"423",0.6,250,5000,6,0.5,0.24,0.226,0.022,795.946064156158
"424",0.9,250,5000,6,0.5,0.11,0.108,0.004,222.473029939563
"425",0,500,5000,6,0.5,0.924,0.916,0.912,1795.54866155636
"426",0.3,500,5000,6,0.5,0.81,0.8,0.102,1469.1979080381
"427",0.6,500,5000,6,0.5,0.65,0.618,0.04,916.549627325524
"428",0.9,500,5000,6,0.5,0.344,0.33,0.012,262.204688713783
"429",0,1000,5000,6,0.5,0.998,0.998,0.998,1962.15120748986
"430",0.3,1000,5000,6,0.5,0.972,0.968,0.18,1587.52924236464
"431",0.6,1000,5000,6,0.5,0.89,0.866,0.038,1037.79024106326
"432",0.9,1000,5000,6,0.5,0.536,0.506,0.006,305.871200314532
"433",0,125,15000,6,0.5,0.006,0.006,0.01,4056.32871761675
"434",0.3,125,15000,6,0.5,0.002,0.002,0,3123.16848949642
"435",0.6,125,15000,6,0.5,0,0,0,1824.18872058678
"436",0.9,125,15000,6,0.5,0.002,0.002,0,465.850537785415
"437",0,250,15000,6,0.5,0.346,0.348,0.366,4414.62965515803
"438",0.3,250,15000,6,0.5,0.204,0.206,0.024,3439.87762445507
"439",0.6,250,15000,6,0.5,0.138,0.142,0.004,2123.31664138527
"440",0.9,250,15000,6,0.5,0.074,0.074,0.002,569.899588165532
"441",0,500,15000,6,0.5,0.856,0.854,0.844,4918.09622828582
"442",0.3,500,15000,6,0.5,0.768,0.77,0.12,3899.41098554612
"443",0.6,500,15000,6,0.5,0.472,0.466,0.032,2515.25086963856
"444",0.9,500,15000,6,0.5,0.246,0.244,0.002,692.485592830945
"445",0,1000,15000,6,0.5,0.992,0.99,0.986,5544.54467877837
"446",0.3,1000,15000,6,0.5,0.954,0.952,0.15,4489.66612715844
"447",0.6,1000,15000,6,0.5,0.852,0.844,0.058,2833.74787241884
"448",0.9,1000,15000,6,0.5,0.438,0.428,0.006,828.182042693595
"449",0,125,250,9,0.5,0.078,0.034,0.06,87.2828152853525
"450",0.3,125,250,9,0.5,0.054,0.022,0.004,72.0093433523315
"451",0.6,125,250,9,0.5,0.01,0.008,0,43.9786831516048
"452",0.9,125,250,9,0.5,0.006,0.004,0,11.9177341713358
"453",0,250,250,9,0.5,0.74,0.34,0.65,74.7039882896607
"454",0.3,250,250,9,0.5,0.544,0.252,0.07,61.4710745521696
"455",0.6,250,250,9,0.5,0.416,0.256,0.016,39.2754520515746
"456",0.9,250,250,9,0.5,0.172,0.172,0.004,11.2452147448494
"457",0,500,250,9,0.5,0.986,0.968,0.97,50.2572078993415
"458",0.3,500,250,9,0.5,0.932,0.906,0.106,41.4858930134275
"459",0.6,500,250,9,0.5,0.752,0.704,0.048,27.8331451861747
"460",0.9,500,250,9,0.5,0.428,0.43,0.004,8.5529675529864
"461",0,1000,250,9,0.5,1,1,0.998,11.6234530578144
"462",0.3,1000,250,9,0.5,0.992,0.992,0.188,10.9475130314741
"463",0.6,1000,250,9,0.5,0.96,0.96,0.048,7.71050440936465
"464",0.9,1000,250,9,0.5,0.696,0.704,0.02,2.78650389003463
"465",0,125,1250,9,0.5,0,0.002,0.004,449.212362871105
"466",0.3,125,1250,9,0.5,0.002,0.002,0.002,353.679746788369
"467",0.6,125,1250,9,0.5,0,0.002,0,216.47194842359
"468",0.9,125,1250,9,0.5,0,0,0,55.6851209175437
"469",0,250,1250,9,0.5,0.28,0.232,0.228,456.847214163536
"470",0.3,250,1250,9,0.5,0.166,0.13,0.026,370.345104787934
"471",0.6,250,1250,9,0.5,0.084,0.076,0.002,236.62681098592
"472",0.9,250,1250,9,0.5,0.038,0.03,0,65.3481080489305
"473",0,500,1250,9,0.5,0.872,0.754,0.826,466.812705632094
"474",0.3,500,1250,9,0.5,0.692,0.56,0.078,386.480918601376
"475",0.6,500,1250,9,0.5,0.47,0.35,0.012,253.970686482389
"476",0.9,500,1250,9,0.5,0.242,0.198,0,73.9958079672181
"477",0,1000,1250,9,0.5,0.992,0.82,0.988,451.175620357005
"478",0.3,1000,1250,9,0.5,0.958,0.62,0.118,378.062231542233
"479",0.6,1000,1250,9,0.5,0.8,0.454,0.038,248.351768447217
"480",0.9,1000,1250,9,0.5,0.446,0.318,0,76.1846059299219
"481",0,125,5000,9,0.5,0,0,0,1605.37825012334
"482",0.3,125,5000,9,0.5,0,0,0,1234.63318116662
"483",0.6,125,5000,9,0.5,0,0,0,730.517827282726
"484",0.9,125,5000,9,0.5,0,0,0,185.117177506425
"485",0,250,5000,9,0.5,0.086,0.08,0.082,1710.29997281771
"486",0.3,250,5000,9,0.5,0.04,0.04,0.004,1360.37794942687
"487",0.6,250,5000,9,0.5,0.022,0.02,0.002,821.287954251571
"488",0.9,250,5000,9,0.5,0.008,0.008,0.002,227.120454994997
"489",0,500,5000,9,0.5,0.644,0.616,0.65,1835.39039004598
"490",0.3,500,5000,9,0.5,0.434,0.41,0.036,1512.83177208663
"491",0.6,500,5000,9,0.5,0.288,0.252,0.006,954.17441897663
"492",0.9,500,5000,9,0.5,0.122,0.104,0,269.033424974388
"493",0,1000,5000,9,0.5,0.956,0.938,0.95,1985.65093622967
"494",0.3,1000,5000,9,0.5,0.884,0.836,0.096,1633.27346129902
"495",0.6,1000,5000,9,0.5,0.638,0.578,0.02,1069.52122528559
"496",0.9,1000,5000,9,0.5,0.324,0.29,0.002,314.651622519707
"497",0,125,15000,9,0.5,0,0,0,4286.0832117946
"498",0.3,125,15000,9,0.5,0,0,0,3255.81147686761
"499",0.6,125,15000,9,0.5,0,0,0,1858.4737509336
"500",0.9,125,15000,9,0.5,0,0,0,471.75838147196
"501",0,250,15000,9,0.5,0.014,0.012,0.012,4680.26188116521
"502",0.3,250,15000,9,0.5,0.004,0.004,0,3710.00694339906
"503",0.6,250,15000,9,0.5,0.004,0.002,0,2212.92470478039
"504",0.9,250,15000,9,0.5,0.004,0.004,0,588.208235428292
"505",0,500,15000,9,0.5,0.46,0.46,0.464,5076.04746110448
"506",0.3,500,15000,9,0.5,0.296,0.29,0.03,4040.64394314086
"507",0.6,500,15000,9,0.5,0.192,0.19,0.012,2514.14397230291
"508",0.9,500,15000,9,0.5,0.064,0.058,0.002,703.20900168842
"509",0,1000,15000,9,0.5,0.898,0.9,0.896,5575.53757265329
"510",0.3,1000,15000,9,0.5,0.768,0.758,0.064,4522.46519291657
"511",0.6,1000,15000,9,0.5,0.556,0.54,0.022,2927.5639860414
"512",0.9,1000,15000,9,0.5,0.292,0.286,0.002,828.754124186294
"513",0,125,250,12,0.5,0.008,0.004,0.002,93.1928433225947
"514",0.3,125,250,12,0.5,0,0,0,74.2978957365017
"515",0.6,125,250,12,0.5,0.004,0.002,0,44.1000153822125
"516",0.9,125,250,12,0.5,0,0,0,11.9164712268148
"517",0,250,250,12,0.5,0.396,0.074,0.302,77.4841005142794
"518",0.3,250,250,12,0.5,0.224,0.058,0.028,64.3551678469902
"519",0.6,250,250,12,0.5,0.136,0.072,0.006,41.0620016866229
"520",0.9,250,250,12,0.5,0.056,0.058,0,11.5216765347557
"521",0,500,250,12,0.5,0.954,0.91,0.892,51.484323449862
"522",0.3,500,250,12,0.5,0.802,0.752,0.08,43.5537987479053
"523",0.6,500,250,12,0.5,0.53,0.466,0.022,29.4204037862245
"524",0.9,500,250,12,0.5,0.258,0.268,0.002,8.81357180446808
"525",0,1000,250,12,0.5,1,1,0.998,11.914273390743
"526",0.3,1000,250,12,0.5,0.986,0.986,0.114,11.3538310210262
"527",0.6,1000,250,12,0.5,0.914,0.914,0.024,8.19372225300571
"528",0.9,1000,250,12,0.5,0.558,0.57,0.004,2.82293251521887
"529",0,125,1250,12,0.5,0,0,0,469.596519035999
"530",0.3,125,1250,12,0.5,0,0,0,364.898100638394
"531",0.6,125,1250,12,0.5,0,0,0,217.916796644182
"532",0.9,125,1250,12,0.5,0,0,0,56.5673142313661
"533",0,250,1250,12,0.5,0.038,0.024,0.03,475.981802852947
"534",0.3,250,1250,12,0.5,0.016,0.014,0,388.873484534207
"535",0.6,250,1250,12,0.5,0.014,0.008,0,241.506958034674
"536",0.9,250,1250,12,0.5,0.002,0.002,0,64.913810151411
"537",0,500,1250,12,0.5,0.618,0.45,0.532,477.780543804378
"538",0.3,500,1250,12,0.5,0.402,0.26,0.034,395.72875726597
"539",0.6,500,1250,12,0.5,0.24,0.156,0.006,256.311584569788
"540",0.9,500,1250,12,0.5,0.092,0.07,0.002,75.5116113275323
"541",0,1000,1250,12,0.5,0.96,0.582,0.94,456.611881797372
"542",0.3,1000,1250,12,0.5,0.84,0.372,0.068,384.267371944971
"543",0.6,1000,1250,12,0.5,0.632,0.296,0.03,255.963942256593
"544",0.9,1000,1250,12,0.5,0.316,0.212,0.004,77.1895476048715
"545",0,125,5000,12,0.5,0,0,0,1666.86105960347
"546",0.3,125,5000,12,0.5,0,0,0,1276.79339648099
"547",0.6,125,5000,12,0.5,0,0,0,748.693051718998
"548",0.9,125,5000,12,0.5,0,0,0,187.347643904658
"549",0,250,5000,12,0.5,0.002,0,0,1805.05089202906
"550",0.3,250,5000,12,0.5,0.002,0.002,0,1416.1322169308
"551",0.6,250,5000,12,0.5,0,0,0,861.764099435331
"552",0.9,250,5000,12,0.5,0,0,0,229.11596702561
"553",0,500,5000,12,0.5,0.272,0.244,0.272,1877.38533673113
"554",0.3,500,5000,12,0.5,0.142,0.13,0.016,1528.14941286758
"555",0.6,500,5000,12,0.5,0.068,0.056,0,967.040688523909
"556",0.9,500,5000,12,0.5,0.04,0.036,0,271.440858965673
"557",0,1000,5000,12,0.5,0.824,0.79,0.802,1991.93489257925
"558",0.3,1000,5000,12,0.5,0.646,0.6,0.054,1660.46686983137
"559",0.6,1000,5000,12,0.5,0.446,0.4,0.014,1075.58657267791
"560",0.9,1000,5000,12,0.5,0.182,0.168,0,316.399240432848
"561",0,125,15000,12,0.5,0,0,0,4391.96569653505
"562",0.3,125,15000,12,0.5,0,0,0,3304.2912171877
"563",0.6,125,15000,12,0.5,0,0,0,1896.4870326708
"564",0.9,125,15000,12,0.5,0,0,0,479.403721686825
"565",0,250,15000,12,0.5,0,0,0,4972.70192335656
"566",0.3,250,15000,12,0.5,0,0,0,3790.78522804257
"567",0.6,250,15000,12,0.5,0,0,0,2253.47590851595
"568",0.9,250,15000,12,0.5,0,0,0,588.883324938306
"569",0,500,15000,12,0.5,0.094,0.09,0.094,5234.74854159974
"570",0.3,500,15000,12,0.5,0.056,0.048,0.004,4163.99439260455
"571",0.6,500,15000,12,0.5,0.024,0.024,0,2588.59646110991
"572",0.9,500,15000,12,0.5,0.014,0.014,0,716.534779944584
"573",0,1000,15000,12,0.5,0.704,0.68,0.68,5660.94145783688
"574",0.3,1000,15000,12,0.5,0.478,0.464,0.03,4592.65085732416
"575",0.6,1000,15000,12,0.5,0.344,0.314,0.014,2960.16710507993
"576",0.9,1000,15000,12,0.5,0.132,0.128,0.002,845.737908722127
"577",0,125,250,15,0.5,0,0,0,96.1982912239369
"578",0.3,125,250,15,0.5,0,0,0,77.6202428392487
"579",0.6,125,250,15,0.5,0,0,0,45.8438134927781
"580",0.9,125,250,15,0.5,0,0,0,12.2143260294755
"581",0,250,250,15,0.5,0.174,0.02,0.08,80.1454807479892
"582",0.3,250,250,15,0.5,0.066,0.006,0.006,66.5831367378217
"583",0.6,250,250,15,0.5,0.034,0.014,0,41.94076070597
"584",0.9,250,250,15,0.5,0.018,0.022,0,11.6677817823794
"585",0,500,250,15,0.5,0.874,0.786,0.754,53.1832221930513
"586",0.3,500,250,15,0.5,0.638,0.516,0.05,45.2273032113654
"587",0.6,500,250,15,0.5,0.388,0.33,0.018,29.8572602190871
"588",0.9,500,250,15,0.5,0.17,0.188,0.006,8.89453047659779
"589",0,1000,250,15,0.5,0.998,0.998,0.994,12.3693541939923
"590",0.3,1000,250,15,0.5,0.956,0.954,0.074,11.7205599641844
"591",0.6,1000,250,15,0.5,0.79,0.79,0.028,8.56423531813657
"592",0.9,1000,250,15,0.5,0.466,0.474,0.008,2.83929331699551
"593",0,125,1250,15,0.5,0,0,0,495.000519975145
"594",0.3,125,1250,15,0.5,0,0,0,379.665126378011
"595",0.6,125,1250,15,0.5,0,0,0,223.323537156691
"596",0.9,125,1250,15,0.5,0,0,0,57.5302708079302
"597",0,250,1250,15,0.5,0.004,0.002,0,493.316746117608
"598",0.3,250,1250,15,0.5,0,0,0,402.833647031656
"599",0.6,250,1250,15,0.5,0,0,0,247.60409456453
"600",0.9,250,1250,15,0.5,0,0,0,65.6876402119058
"601",0,500,1250,15,0.5,0.292,0.164,0.266,485.363805753769
"602",0.3,500,1250,15,0.5,0.148,0.078,0.012,406.408891610453
"603",0.6,500,1250,15,0.5,0.094,0.048,0.002,263.178225102074
"604",0.9,500,1250,15,0.5,0.05,0.034,0.002,76.2348984991123
"605",0,1000,1250,15,0.5,0.886,0.322,0.834,459.264872536103
"606",0.3,1000,1250,15,0.5,0.632,0.146,0.044,394.753715451321
"607",0.6,1000,1250,15,0.5,0.494,0.172,0.008,256.091081184537
"608",0.9,1000,1250,15,0.5,0.178,0.104,0,79.5246655347713
"609",0,125,5000,15,0.5,0,0,0,1703.30471955812
"610",0.3,125,5000,15,0.5,0,0,0,1279.89039845199
"611",0.6,125,5000,15,0.5,0,0,0,741.682084014201
"612",0.9,125,5000,15,0.5,0,0,0,190.406194418386
"613",0,250,5000,15,0.5,0,0,0,1864.38742845692
"614",0.3,250,5000,15,0.5,0,0,0,1469.81063255747
"615",0.6,250,5000,15,0.5,0,0,0,885.688882433661
"616",0.9,250,5000,15,0.5,0,0,0,230.094124065329
"617",0,500,5000,15,0.5,0.066,0.04,0.05,1936.56861019972
"618",0.3,500,5000,15,0.5,0.024,0.014,0,1580.30454469768
"619",0.6,500,5000,15,0.5,0.012,0.01,0,994.719732573162
"620",0.9,500,5000,15,0.5,0.006,0.004,0,278.766741066513
"621",0,1000,5000,15,0.5,0.616,0.556,0.58,2014.12630428107
"622",0.3,1000,5000,15,0.5,0.396,0.33,0.008,1679.37291135755
"623",0.6,1000,5000,15,0.5,0.252,0.2,0.004,1095.24704640572
"624",0.9,1000,5000,15,0.5,0.114,0.094,0,316.54553052977
"625",0,125,15000,15,0.5,0,0,0,4422.50498024122
"626",0.3,125,15000,15,0.5,0,0,0,3321.02535221119
"627",0.6,125,15000,15,0.5,0,0,0,1903.07479506736
"628",0.9,125,15000,15,0.5,0,0,0,481.483158938491
"629",0,250,15000,15,0.5,0,0,0,5192.59886258831
"630",0.3,250,15000,15,0.5,0,0,0,3894.08345899813
"631",0.6,250,15000,15,0.5,0,0,0,2322.83383885782
"632",0.9,250,15000,15,0.5,0,0,0,598.663740504899
"633",0,500,15000,15,0.5,0.006,0.006,0.01,5450.3540572076
"634",0.3,500,15000,15,0.5,0.002,0.002,0,4364.94223383808
"635",0.6,500,15000,15,0.5,0.002,0.002,0,2682.85368357199
"636",0.9,500,15000,15,0.5,0,0,0,722.959540596085
"637",0,1000,15000,15,0.5,0.348,0.33,0.322,5734.89451011817
"638",0.3,1000,15000,15,0.5,0.22,0.214,0.014,4754.10086086297
"639",0.6,1000,15000,15,0.5,0.138,0.134,0.006,3041.03410103848
"640",0.9,1000,15000,15,0.5,0.054,0.05,0,853.253718550364
"641",0,125,250,3,0.75,0.998,0.994,0.99,43.7681113513645
"642",0.3,125,250,3,0.75,0.998,0.992,0.546,39.0460065869172
"643",0.6,125,250,3,0.75,0.974,0.958,0.226,27.4012877824036
"644",0.9,125,250,3,0.75,0.704,0.704,0.028,9.54789867872628
"645",0,250,250,3,0.75,1,1,1,38.7898947984598
"646",0.3,250,250,3,0.75,1,1,0.64,34.1697935531229
"647",0.6,250,250,3,0.75,0.998,0.992,0.344,24.5578803054242
"648",0.9,250,250,3,0.75,0.898,0.89,0.08,9.00476868374361
"649",0,500,250,3,0.75,1,1,1,24.221482071335
"650",0.3,500,250,3,0.75,1,1,0.648,21.3632537453478
"651",0.6,500,250,3,0.75,1,1,0.346,16.4852292721169
"652",0.9,500,250,3,0.75,0.978,0.98,0.284,6.62254557486619
"653",0,1000,250,3,0.75,1,1,1,4.71533125695349
"654",0.3,1000,250,3,0.75,1,1,0.67,4.6661537342626
"655",0.6,1000,250,3,0.75,1,1,0.374,3.74194006751561
"656",0.9,1000,250,3,0.75,1,1,0.274,1.79707945980669
"657",0,125,1250,3,0.75,0.98,0.98,0.974,217.740602442496
"658",0.3,125,1250,3,0.75,0.98,0.974,0.46,191.499475506886
"659",0.6,125,1250,3,0.75,0.922,0.912,0.082,135.619219928916
"660",0.9,125,1250,3,0.75,0.656,0.644,0.006,44.9314878658985
"661",0,250,1250,3,0.75,1,1,1,231.910955689091
"662",0.3,250,1250,3,0.75,1,1,0.55,206.01121980219
"663",0.6,250,1250,3,0.75,0.994,0.994,0.25,147.952467700157
"664",0.9,250,1250,3,0.75,0.786,0.776,0.022,52.0369678071802
"665",0,500,1250,3,0.75,1,1,1,243.830255367277
"666",0.3,500,1250,3,0.75,1,1,0.632,214.180011450495
"667",0.6,500,1250,3,0.75,1,0.998,0.358,157.271434940278
"668",0.9,500,1250,3,0.75,0.93,0.912,0.12,58.2770511950098
"669",0,1000,1250,3,0.75,1,1,1,236.477347759695
"670",0.3,1000,1250,3,0.75,1,1,0.628,208.684816027821
"671",0.6,1000,1250,3,0.75,1,1,0.378,154.707419010062
"672",0.9,1000,1250,3,0.75,0.996,0.976,0.228,57.3253471318104
"673",0,125,5000,3,0.75,0.96,0.954,0.962,810.058792079835
"674",0.3,125,5000,3,0.75,0.904,0.892,0.368,718.657282929356
"675",0.6,125,5000,3,0.75,0.802,0.8,0.034,491.868219987874
"676",0.9,125,5000,3,0.75,0.452,0.446,0,159.621475870621
"677",0,250,5000,3,0.75,0.996,0.996,0.996,881.112840333795
"678",0.3,250,5000,3,0.75,0.994,0.996,0.506,773.388351063601
"679",0.6,250,5000,3,0.75,0.958,0.96,0.196,555.794294065275
"680",0.9,250,5000,3,0.75,0.732,0.73,0.002,185.964307090056
"681",0,500,5000,3,0.75,1,1,1,967.696513243582
"682",0.3,500,5000,3,0.75,1,1,0.564,843.954127076889
"683",0.6,500,5000,3,0.75,1,0.998,0.314,607.134926501361
"684",0.9,500,5000,3,0.75,0.9,0.896,0.02,215.323632660967
"685",0,1000,5000,3,0.75,1,1,1,1026.09033651348
"686",0.3,1000,5000,3,0.75,1,1,0.68,917.260729893626
"687",0.6,1000,5000,3,0.75,1,1,0.398,664.446015509561
"688",0.9,1000,5000,3,0.75,0.974,0.968,0.152,248.10686749318
"689",0,125,15000,3,0.75,0.904,0.902,0.898,2279.52076710131
"690",0.3,125,15000,3,0.75,0.848,0.842,0.214,1978.88827093197
"691",0.6,125,15000,3,0.75,0.726,0.726,0.022,1383.21529517689
"692",0.9,125,15000,3,0.75,0.412,0.406,0.002,416.977362992685
"693",0,250,15000,3,0.75,0.994,0.994,0.994,2470.57390963816
"694",0.3,250,15000,3,0.75,0.99,0.99,0.492,2102.04938459249
"695",0.6,250,15000,3,0.75,0.95,0.95,0.148,1479.14472586024
"696",0.9,250,15000,3,0.75,0.656,0.654,0.006,497.769375684626
"697",0,500,15000,3,0.75,1,1,1,2750.83584070912
"698",0.3,500,15000,3,0.75,1,1,0.572,2389.4356406075
"699",0.6,500,15000,3,0.75,0.998,0.998,0.29,1687.947264045
"700",0.9,500,15000,3,0.75,0.858,0.844,0.018,565.302665670192
"701",0,1000,15000,3,0.75,1,1,1,2960.66400813769
"702",0.3,1000,15000,3,0.75,1,1,0.62,2623.35530526696
"703",0.6,1000,15000,3,0.75,1,1,0.368,1956.60303955021
"704",0.9,1000,15000,3,0.75,0.958,0.954,0.082,685.7571442202
"705",0,125,250,6,0.75,0.886,0.852,0.772,45.6627712995002
"706",0.3,125,250,6,0.75,0.83,0.774,0.124,39.8178660819765
"707",0.6,125,250,6,0.75,0.68,0.616,0.032,28.9512992133838
"708",0.9,125,250,6,0.75,0.312,0.312,0.004,9.83451215937079
"709",0,250,250,6,0.75,1,0.996,0.992,40.1614145628602
"710",0.3,250,250,6,0.75,0.996,0.966,0.234,35.6494092348991
"711",0.6,250,250,6,0.75,0.944,0.864,0.072,26.3874133677164
"712",0.9,250,250,6,0.75,0.586,0.592,0.014,9.04453445954674
"713",0,500,250,6,0.75,1,1,1,24.8810112252836
"714",0.3,500,250,6,0.75,1,1,0.286,22.3630941397704
"715",0.6,500,250,6,0.75,0.988,0.984,0.114,17.6019583531013
"716",0.9,500,250,6,0.75,0.83,0.832,0.012,6.70507868759609
"717",0,1000,250,6,0.75,1,1,1,4.70524663208679
"718",0.3,1000,250,6,0.75,1,1,0.258,4.9679988338822
"719",0.6,1000,250,6,0.75,1,1,0.1,3.83223740510761
"720",0.9,1000,250,6,0.75,0.974,0.974,0.084,1.83113933303748
"721",0,125,1250,6,0.75,0.542,0.552,0.478,244.614942980045
"722",0.3,125,1250,6,0.75,0.43,0.418,0.044,219.547689118904
"723",0.6,125,1250,6,0.75,0.288,0.272,0.018,150.511808499523
"724",0.9,125,1250,6,0.75,0.164,0.156,0,48.3202344807879
"725",0,250,1250,6,0.75,0.964,0.96,0.932,237.584146779563
"726",0.3,250,1250,6,0.75,0.922,0.916,0.136,216.33343898398
"727",0.6,250,1250,6,0.75,0.752,0.726,0.048,158.510736295467
"728",0.9,250,1250,6,0.75,0.426,0.402,0.016,52.7202972888048
"729",0,500,1250,6,0.75,1,1,1,246.959369671909
"730",0.3,500,1250,6,0.75,1,0.998,0.218,220.27631710165
"731",0.6,500,1250,6,0.75,0.978,0.944,0.052,162.78428568962
"732",0.9,500,1250,6,0.75,0.678,0.628,0.01,58.3780204347856
"733",0,1000,1250,6,0.75,1,1,1,237.975307998386
"734",0.3,1000,1250,6,0.75,1,1,0.212,211.376757546158
"735",0.6,1000,1250,6,0.75,0.996,0.954,0.08,155.391637319477
"736",0.9,1000,1250,6,0.75,0.856,0.75,0.008,60.0839445053088
"737",0,125,5000,6,0.75,0.262,0.26,0.244,995.691322413306
"738",0.3,125,5000,6,0.75,0.168,0.166,0.024,853.032668896794
"739",0.6,125,5000,6,0.75,0.11,0.116,0.004,558.861805128103
"740",0.9,125,5000,6,0.75,0.078,0.078,0,164.475706475792
"741",0,250,5000,6,0.75,0.864,0.856,0.856,910.765996910383
"742",0.3,250,5000,6,0.75,0.778,0.778,0.098,823.709561219433
"743",0.6,250,5000,6,0.75,0.6,0.594,0.032,567.840626714383
"744",0.9,250,5000,6,0.75,0.308,0.298,0.004,189.119660157819
"745",0,500,5000,6,0.75,0.998,0.994,0.996,969.200063360017
"746",0.3,500,5000,6,0.75,0.966,0.96,0.142,886.456968868306
"747",0.6,500,5000,6,0.75,0.902,0.896,0.052,624.52684519228
"748",0.9,500,5000,6,0.75,0.584,0.572,0.01,214.716195744642
"749",0,1000,5000,6,0.75,1,1,1,1029.13728610269
"750",0.3,1000,5000,6,0.75,0.998,0.998,0.204,918.080648597001
"751",0.6,1000,5000,6,0.75,0.992,0.982,0.06,682.907355093226
"752",0.9,1000,5000,6,0.75,0.786,0.758,0.006,244.038546083917
"753",0,125,15000,6,0.75,0.098,0.102,0.11,2954.96038747459
"754",0.3,125,15000,6,0.75,0.074,0.074,0.01,2435.28900914253
"755",0.6,125,15000,6,0.75,0.042,0.042,0.004,1571.01778337552
"756",0.9,125,15000,6,0.75,0.022,0.02,0,429.998103011632
"757",0,250,15000,6,0.75,0.706,0.702,0.694,2643.71759858195
"758",0.3,250,15000,6,0.75,0.582,0.572,0.07,2288.76550539336
"759",0.6,250,15000,6,0.75,0.43,0.422,0.02,1577.79308678606
"760",0.9,250,15000,6,0.75,0.236,0.238,0.006,488.728840878857
"761",0,500,15000,6,0.75,0.964,0.962,0.964,2775.4500468484
"762",0.3,500,15000,6,0.75,0.956,0.954,0.164,2388.48056483923
"763",0.6,500,15000,6,0.75,0.818,0.81,0.048,1812.40782966993
"764",0.9,500,15000,6,0.75,0.492,0.486,0.002,578.67176826551
"765",0,1000,15000,6,0.75,1,1,0.998,2985.39743094047
"766",0.3,1000,15000,6,0.75,0.994,0.994,0.178,2695.06861101235
"767",0.6,1000,15000,6,0.75,0.982,0.986,0.072,1886.43462413778
"768",0.9,1000,15000,6,0.75,0.746,0.736,0.01,675.677033030418
"769",0,125,250,9,0.75,0.496,0.412,0.316,49.24429346427
"770",0.3,125,250,9,0.75,0.36,0.304,0.022,45.6282214333117
"771",0.6,125,250,9,0.75,0.23,0.192,0.008,31.9726998687178
"772",0.9,125,250,9,0.75,0.102,0.102,0,10.3361140733238
"773",0,250,250,9,0.75,0.986,0.932,0.882,41.4697694967618
"774",0.3,250,250,9,0.75,0.928,0.836,0.1,37.1290195738028
"775",0.6,250,250,9,0.75,0.778,0.686,0.022,26.8664420680314
"776",0.9,250,250,9,0.75,0.408,0.41,0.008,9.2331422551434
"777",0,500,250,9,0.75,1,1,0.994,25.5403949496926
"778",0.3,500,250,9,0.75,1,1,0.13,23.0205069060569
"779",0.6,500,250,9,0.75,0.958,0.94,0.046,17.6270969015368
"780",0.9,500,250,9,0.75,0.706,0.714,0.004,6.69480939040894
"781",0,1000,250,9,0.75,1,1,1,4.91301459489047
"782",0.3,1000,250,9,0.75,1,1,0.18,5.05418048191517
"783",0.6,1000,250,9,0.75,1,1,0.05,4.14256703272906
"784",0.9,1000,250,9,0.75,0.898,0.908,0.016,2.01093034059292
"785",0,125,1250,9,0.75,0.072,0.074,0.054,295.439136521334
"786",0.3,125,1250,9,0.75,0.022,0.028,0.002,251.482935303796
"787",0.6,125,1250,9,0.75,0.04,0.03,0,170.911646082105
"788",0.9,125,1250,9,0.75,0.004,0.006,0,49.9047921245469
"789",0,250,1250,9,0.75,0.708,0.688,0.638,249.258783423106
"790",0.3,250,1250,9,0.75,0.598,0.578,0.044,224.44720518203
"791",0.6,250,1250,9,0.75,0.436,0.386,0.016,163.902089823973
"792",0.9,250,1250,9,0.75,0.166,0.158,0,55.3774036818396
"793",0,500,1250,9,0.75,0.99,0.984,0.968,248.819326106774
"794",0.3,500,1250,9,0.75,0.972,0.964,0.098,227.825867783875
"795",0.6,500,1250,9,0.75,0.824,0.746,0.026,170.346248275562
"796",0.9,500,1250,9,0.75,0.48,0.442,0.004,60.1068946072932
"797",0,1000,1250,9,0.75,1,0.992,1,239.23333023659
"798",0.3,1000,1250,9,0.75,0.998,0.964,0.13,218.278656402607
"799",0.6,1000,1250,9,0.75,0.982,0.834,0.048,160.51830416363
"800",0.9,1000,1250,9,0.75,0.708,0.582,0.004,60.3056017553921
"801",0,125,5000,9,0.75,0.006,0.006,0,1221.66412697052
"802",0.3,125,5000,9,0.75,0.002,0.002,0,995.011521024232
"803",0.6,125,5000,9,0.75,0,0,0,630.735568032836
"804",0.9,125,5000,9,0.75,0,0,0,173.401500394996
"805",0,250,5000,9,0.75,0.43,0.424,0.4,992.74964690435
"806",0.3,250,5000,9,0.75,0.296,0.284,0.036,873.735190413231
"807",0.6,250,5000,9,0.75,0.208,0.202,0.006,602.737402269836
"808",0.9,250,5000,9,0.75,0.08,0.078,0.006,194.828735411851
"809",0,500,5000,9,0.75,0.912,0.904,0.894,987.846507025016
"810",0.3,500,5000,9,0.75,0.828,0.814,0.062,910.90058780354
"811",0.6,500,5000,9,0.75,0.67,0.65,0.018,651.497567539784
"812",0.9,500,5000,9,0.75,0.364,0.348,0,222.191511481115
"813",0,1000,5000,9,0.75,0.996,0.994,0.996,1038.96092250101
"814",0.3,1000,5000,9,0.75,0.99,0.988,0.114,949.614359869656
"815",0.6,1000,5000,9,0.75,0.914,0.898,0.024,712.04255667034
"816",0.9,1000,5000,9,0.75,0.578,0.55,0.004,254.964122938813
"817",0,125,15000,9,0.75,0,0,0,3584.96323764293
"818",0.3,125,15000,9,0.75,0,0,0,2787.43362389443
"819",0.6,125,15000,9,0.75,0,0,0,1711.69843497734
"820",0.9,125,15000,9,0.75,0,0,0,456.717541615539
"821",0,250,15000,9,0.75,0.17,0.172,0.152,2985.42749318158
"822",0.3,250,15000,9,0.75,0.12,0.12,0.006,2617.3710445269
"823",0.6,250,15000,9,0.75,0.072,0.068,0.002,1719.89466849784
"824",0.9,250,15000,9,0.75,0.026,0.026,0,523.710361525324
"825",0,500,15000,9,0.75,0.816,0.818,0.794,2836.52552033167
"826",0.3,500,15000,9,0.75,0.702,0.698,0.058,2509.82170534405
"827",0.6,500,15000,9,0.75,0.566,0.574,0.012,1776.94608113406
"828",0.9,500,15000,9,0.75,0.238,0.232,0.006,593.661830844425
"829",0,1000,15000,9,0.75,0.978,0.978,0.976,2996.28559907852
"830",0.3,1000,15000,9,0.75,0.974,0.968,0.082,2694.05304834204
"831",0.6,1000,15000,9,0.75,0.868,0.864,0.026,1990.05740350452
"832",0.9,1000,15000,9,0.75,0.544,0.524,0.004,674.873541543478
"833",0,125,250,12,0.75,0.156,0.11,0.058,54.9164481350232
"834",0.3,125,250,12,0.75,0.08,0.058,0,49.5694350124336
"835",0.6,125,250,12,0.75,0.066,0.056,0,32.854389230686
"836",0.9,125,250,12,0.75,0.026,0.02,0,10.4125708952318
"837",0,250,250,12,0.75,0.916,0.732,0.644,42.4300197155434
"838",0.3,250,250,12,0.75,0.794,0.558,0.05,38.7032831884205
"839",0.6,250,250,12,0.75,0.52,0.414,0.01,28.7547639486159
"840",0.9,250,250,12,0.75,0.256,0.268,0,9.59815614271243
"841",0,500,250,12,0.75,1,1,0.984,26.1060867201331
"842",0.3,500,250,12,0.75,0.994,0.984,0.094,24.4305432192014
"843",0.6,500,250,12,0.75,0.89,0.852,0.026,19.2095824875602
"844",0.9,500,250,12,0.75,0.51,0.518,0.008,7.14317623710709
"845",0,1000,250,12,0.75,1,1,1,5.02585202565712
"846",0.3,1000,250,12,0.75,1,1,0.12,5.2846558027938
"847",0.6,1000,250,12,0.75,0.992,0.992,0.022,4.43015966046013
"848",0.9,1000,250,12,0.75,0.824,0.836,0.006,2.04805659068305
"849",0,125,1250,12,0.75,0.002,0.002,0,339.226008253188
"850",0.3,125,1250,12,0.75,0,0,0,284.167865273473
"851",0.6,125,1250,12,0.75,0,0,0,182.488474914928
"852",0.9,125,1250,12,0.75,0,0,0,52.6968091367114
"853",0,250,1250,12,0.75,0.326,0.302,0.206,263.311514229168
"854",0.3,250,1250,12,0.75,0.2,0.184,0.006,244.956106134596
"855",0.6,250,1250,12,0.75,0.128,0.12,0,173.205938060402
"856",0.9,250,1250,12,0.75,0.06,0.052,0,54.4747013522547
"857",0,500,1250,12,0.75,0.93,0.9,0.838,253.174289645261
"858",0.3,500,1250,12,0.75,0.828,0.728,0.062,232.828375334464
"859",0.6,500,1250,12,0.75,0.64,0.568,0.028,171.794128270772
"860",0.9,500,1250,12,0.75,0.302,0.26,0.002,62.6318104015163
"861",0,1000,1250,12,0.75,1,0.982,0.998,240.939839439315
"862",0.3,1000,1250,12,0.75,0.996,0.892,0.084,223.146061106447
"863",0.6,1000,1250,12,0.75,0.926,0.694,0.026,167.833387462848
"864",0.9,1000,1250,12,0.75,0.584,0.474,0.006,61.4681121694922
"865",0,125,5000,12,0.75,0,0,0,1391.04155854007
"866",0.3,125,5000,12,0.75,0,0,0,1094.36378271687
"867",0.6,125,5000,12,0.75,0,0,0,670.921219280516
"868",0.9,125,5000,12,0.75,0,0,0,178.427671340721
"869",0,250,5000,12,0.75,0.054,0.052,0.05,1120.76696831828
"870",0.3,250,5000,12,0.75,0.038,0.038,0.004,974.573482199385
"871",0.6,250,5000,12,0.75,0.018,0.012,0,668.921637554101
"872",0.9,250,5000,12,0.75,0.008,0.008,0,203.816934098946
"873",0,500,5000,12,0.75,0.662,0.664,0.632,1014.8732052385
"874",0.3,500,5000,12,0.75,0.56,0.536,0.036,919.886888787156
"875",0.6,500,5000,12,0.75,0.378,0.376,0.008,675.587319683187
"876",0.9,500,5000,12,0.75,0.164,0.162,0.002,228.564487092034
"877",0,1000,5000,12,0.75,0.978,0.972,0.966,1037.21579324384
"878",0.3,1000,5000,12,0.75,0.944,0.926,0.068,970.133606796771
"879",0.6,1000,5000,12,0.75,0.8,0.772,0.02,718.537471322203
"880",0.9,1000,5000,12,0.75,0.448,0.432,0.002,256.500337537278
"881",0,125,15000,12,0.75,0,0,0,3888.11499854652
"882",0.3,125,15000,12,0.75,0,0,0,3005.22998489435
"883",0.6,125,15000,12,0.75,0,0,0,1819.22300843654
"884",0.9,125,15000,12,0.75,0,0,0,470.328308007407
"885",0,250,15000,12,0.75,0.01,0.012,0.012,3429.14927633174
"886",0.3,250,15000,12,0.75,0.002,0.002,0,2888.73214744418
"887",0.6,250,15000,12,0.75,0,0,0.002,1856.4724331796
"888",0.9,250,15000,12,0.75,0,0,0,546.344045105329
"889",0,500,15000,12,0.75,0.418,0.418,0.4,2969.7933364703
"890",0.3,500,15000,12,0.75,0.338,0.332,0.02,2652.63384337845
"891",0.6,500,15000,12,0.75,0.21,0.212,0.006,1870.58346042609
"892",0.9,500,15000,12,0.75,0.104,0.102,0.002,618.474468717091
"893",0,1000,15000,12,0.75,0.912,0.914,0.898,3023.57024855689
"894",0.3,1000,15000,12,0.75,0.862,0.856,0.048,2753.24323964553
"895",0.6,1000,15000,12,0.75,0.69,0.694,0.02,2024.63962212403
"896",0.9,1000,15000,12,0.75,0.338,0.326,0.004,701.302551498578
"897",0,125,250,15,0.75,0.02,0.008,0,59.9919764395033
"898",0.3,125,250,15,0.75,0.006,0.006,0,53.5739690322145
"899",0.6,125,250,15,0.75,0.002,0,0,36.1404133127094
"900",0.9,125,250,15,0.75,0.002,0.002,0,10.8549903738011
"901",0,250,250,15,0.75,0.758,0.538,0.334,43.6303203906448
"902",0.3,250,250,15,0.75,0.546,0.32,0.028,40.958085306304
"903",0.6,250,250,15,0.75,0.344,0.248,0.004,29.1769919522739
"904",0.9,250,250,15,0.75,0.162,0.162,0,10.0702898723767
"905",0,500,250,15,0.75,1,1,0.93,26.7059983143258
"906",0.3,500,250,15,0.75,0.974,0.956,0.07,25.6809315759625
"907",0.6,500,250,15,0.75,0.81,0.762,0.022,19.5844562604239
"908",0.9,500,250,15,0.75,0.408,0.42,0.006,7.2406475618702
"909",0,1000,250,15,0.75,1,1,1,5.22842951799938
"910",0.3,1000,250,15,0.75,0.998,0.998,0.088,5.47531413221641
"911",0.6,1000,250,15,0.75,0.98,0.98,0.026,4.80618920588869
"912",0.9,1000,250,15,0.75,0.742,0.762,0.004,2.06527969161881
"913",0,125,1250,15,0.75,0,0,0,379.516287270291
"914",0.3,125,1250,15,0.75,0,0,0,307.677503767108
"915",0.6,125,1250,15,0.75,0,0,0,195.259521522869
"916",0.9,125,1250,15,0.75,0,0,0,54.7087752366065
"917",0,250,1250,15,0.75,0.078,0.066,0.042,284.186660817651
"918",0.3,250,1250,15,0.75,0.05,0.044,0.002,263.627934869371
"919",0.6,250,1250,15,0.75,0.022,0.024,0,184.675334341124
"920",0.9,250,1250,15,0.75,0.012,0.008,0,56.9976385958133
"921",0,500,1250,15,0.75,0.768,0.718,0.61,257.010827834752
"922",0.3,500,1250,15,0.75,0.638,0.528,0.028,239.900569148489
"923",0.6,500,1250,15,0.75,0.448,0.358,0.014,179.581336574396
"924",0.9,500,1250,15,0.75,0.184,0.158,0,63.4874560652384
"925",0,1000,1250,15,0.75,0.996,0.934,0.97,241.467440088119
"926",0.3,1000,1250,15,0.75,0.944,0.746,0.056,231.245973578168
"927",0.6,1000,1250,15,0.75,0.86,0.608,0.012,166.654306342767
"928",0.9,1000,1250,15,0.75,0.444,0.312,0,64.4204053744763
"929",0,125,5000,15,0.75,0,0,0,1479.30484387933
"930",0.3,125,5000,15,0.75,0,0,0,1157.53417239892
"931",0.6,125,5000,15,0.75,0,0,0,704.622252894822
"932",0.9,125,5000,15,0.75,0,0,0,182.757561846475
"933",0,250,5000,15,0.75,0,0,0.002,1230.9583549759
"934",0.3,250,5000,15,0.75,0,0,0,1075.24132929299
"935",0.6,250,5000,15,0.75,0,0,0,721.162537616838
"936",0.9,250,5000,15,0.75,0,0,0,207.44647558757
"937",0,500,5000,15,0.75,0.376,0.364,0.328,1049.61484235382
"938",0.3,500,5000,15,0.75,0.23,0.222,0.01,978.244729066792
"939",0.6,500,5000,15,0.75,0.128,0.122,0,705.240628851107
"940",0.9,500,5000,15,0.75,0.064,0.058,0,236.838754782771
"941",0,1000,5000,15,0.75,0.912,0.9,0.87,1044.47773955615
"942",0.3,1000,5000,15,0.75,0.826,0.82,0.028,980.868566524599
"943",0.6,1000,5000,15,0.75,0.644,0.622,0.012,732.194974585314
"944",0.9,1000,5000,15,0.75,0.32,0.31,0.004,258.320146918103
"945",0,125,15000,15,0.75,0,0,0,4094.59200795028
"946",0.3,125,15000,15,0.75,0,0,0,3117.92747977599
"947",0.6,125,15000,15,0.75,0,0,0,1839.87898568857
"948",0.9,125,15000,15,0.75,0,0,0,474.453666202946
"949",0,250,15000,15,0.75,0,0,0,3809.97119655722
"950",0.3,250,15000,15,0.75,0,0,0,3071.14043013289
"951",0.6,250,15000,15,0.75,0,0,0,1957.57464103293
"952",0.9,250,15000,15,0.75,0,0,0,549.683319374118
"953",0,500,15000,15,0.75,0.144,0.146,0.144,3152.00890085726
"954",0.3,500,15000,15,0.75,0.08,0.08,0.002,2871.02215760051
"955",0.6,500,15000,15,0.75,0.076,0.076,0.002,1991.25707297593
"956",0.9,500,15000,15,0.75,0.018,0.018,0,628.797598042145
"957",0,1000,15000,15,0.75,0.806,0.81,0.772,3059.2150808668
"958",0.3,1000,15000,15,0.75,0.628,0.646,0.036,2898.12840000351
"959",0.6,1000,15000,15,0.75,0.442,0.436,0.012,2124.6166172377
"960",0.9,1000,15000,15,0.75,0.206,0.2,0,713.943322275154
"961",0,125,250,3,0.9,1,1,0.994,19.9908168922945
"962",0.3,125,250,3,0.9,1,1,0.556,18.8423137844258
"963",0.6,125,250,3,0.9,1,1,0.254,15.0416520497841
"964",0.9,125,250,3,0.9,0.928,0.926,0.024,6.80129919963964
"965",0,250,250,3,0.9,1,1,1,18.3216238675329
"966",0.3,250,250,3,0.9,1,1,0.642,16.9696309904324
"967",0.6,250,250,3,0.9,1,1,0.352,13.538209870892
"968",0.9,250,250,3,0.9,0.992,0.994,0.1,6.29953624318563
"969",0,500,250,3,0.9,1,1,1,10.1881433073613
"970",0.3,500,250,3,0.9,1,1,0.646,9.6070283308136
"971",0.6,500,250,3,0.9,1,1,0.346,8.45656388907078
"972",0.9,500,250,3,0.9,1,1,0.294,4.4517361962732
"973",0,1000,250,3,0.9,1,1,1,1.75683379664215
"974",0.3,1000,250,3,0.9,1,1,0.672,1.7833604282583
"975",0.6,1000,250,3,0.9,1,1,0.374,1.58345829382486
"976",0.9,1000,250,3,0.9,1,1,0.274,1.0261820573906
"977",0,125,1250,3,0.9,0.996,0.996,0.994,95.9163654766164
"978",0.3,125,1250,3,0.9,0.998,0.998,0.506,90.3914688488264
"979",0.6,125,1250,3,0.9,0.992,0.992,0.096,75.0127837242105
"980",0.9,125,1250,3,0.9,0.858,0.854,0.004,32.3238187159795
"981",0,250,1250,3,0.9,1,1,1,99.7500685149176
"982",0.3,250,1250,3,0.9,1,1,0.56,95.6591769374934
"983",0.6,250,1250,3,0.9,1,1,0.286,79.7791270923563
"984",0.9,250,1250,3,0.9,0.962,0.954,0.028,36.9619332320983
"985",0,500,1250,3,0.9,1,1,1,105.361816577897
"986",0.3,500,1250,3,0.9,1,1,0.634,99.675760708171
"987",0.6,500,1250,3,0.9,1,1,0.364,83.4360609968887
"988",0.9,500,1250,3,0.9,0.994,0.988,0.144,39.9907390575537
"989",0,1000,1250,3,0.9,1,1,1,104.639811556944
"990",0.3,1000,1250,3,0.9,1,1,0.63,98.7150400893974
"991",0.6,1000,1250,3,0.9,1,1,0.382,81.9169324222887
"992",0.9,1000,1250,3,0.9,1,1,0.258,38.5438349144101
"993",0,125,5000,3,0.9,0.986,0.986,0.986,364.980180153992
"994",0.3,125,5000,3,0.9,0.978,0.978,0.406,358.999748663499
"995",0.6,125,5000,3,0.9,0.952,0.956,0.054,283.813623109303
"996",0.9,125,5000,3,0.9,0.684,0.684,0,123.098428579711
"997",0,250,5000,3,0.9,0.996,0.996,0.996,386.790115993316
"998",0.3,250,5000,3,0.9,1,1,0.532,366.924577100614
"999",0.6,250,5000,3,0.9,0.994,0.994,0.23,309.938525751329
"1000",0.9,250,5000,3,0.9,0.942,0.934,0,136.213809578493
"1001",0,500,5000,3,0.9,1,1,1,411.614466276279
"1002",0.3,500,5000,3,0.9,1,1,0.576,389.344753096432
"1003",0.6,500,5000,3,0.9,1,1,0.336,325.059271784909
"1004",0.9,500,5000,3,0.9,0.986,0.984,0.032,149.697939422586
"1005",0,1000,5000,3,0.9,1,1,1,427.049854844631
"1006",0.3,1000,5000,3,0.9,1,1,0.686,414.978052330515
"1007",0.6,1000,5000,3,0.9,1,1,0.404,343.709343260415
"1008",0.9,1000,5000,3,0.9,1,0.998,0.174,169.364696035379
"1009",0,125,15000,3,0.9,0.958,0.958,0.954,1080.03828719594
"1010",0.3,125,15000,3,0.9,0.952,0.952,0.278,1017.14290435073
"1011",0.6,125,15000,3,0.9,0.924,0.92,0.036,831.506584269027
"1012",0.9,125,15000,3,0.9,0.662,0.662,0.004,319.405879708464
"1013",0,250,15000,3,0.9,0.998,0.998,0.998,1128.12894437884
"1014",0.3,250,15000,3,0.9,1,1,0.522,1029.40085847073
"1015",0.6,250,15000,3,0.9,0.996,0.996,0.17,841.592385661173
"1016",0.9,250,15000,3,0.9,0.918,0.918,0.006,368.735674719828
"1017",0,500,15000,3,0.9,1,1,1,1200.07994929919
"1018",0.3,500,15000,3,0.9,1,1,0.578,1128.40406225291
"1019",0.6,500,15000,3,0.9,1,1,0.298,929.917780464987
"1020",0.9,500,15000,3,0.9,0.99,0.988,0.022,403.245232964444
"1021",0,1000,15000,3,0.9,1,1,1,1251.58918781307
"1022",0.3,1000,15000,3,0.9,1,1,0.63,1204.75375691758
"1023",0.6,1000,15000,3,0.9,1,1,0.372,1050.53176362126
"1024",0.9,1000,15000,3,0.9,0.996,0.994,0.118,482.502436493749
"1025",0,125,250,6,0.9,0.97,0.97,0.878,20.248143684609
"1026",0.3,125,250,6,0.9,0.96,0.954,0.156,19.0498084480419
"1027",0.6,125,250,6,0.9,0.906,0.898,0.044,16.0577951059772
"1028",0.9,125,250,6,0.9,0.608,0.61,0.004,7.248660776264
"1029",0,250,250,6,0.9,1,1,1,18.622354470174
"1030",0.3,250,250,6,0.9,1,1,0.236,17.8065794251092
"1031",0.6,250,250,6,0.9,1,0.998,0.084,14.68110449596
"1032",0.9,250,250,6,0.9,0.856,0.856,0.014,6.4634133635007
"1033",0,500,250,6,0.9,1,1,1,10.4739867616603
"1034",0.3,500,250,6,0.9,1,1,0.3,10.0820382069683
"1035",0.6,500,250,6,0.9,1,1,0.12,9.23908444576543
"1036",0.9,500,250,6,0.9,0.984,0.984,0.016,4.53222164677066
"1037",0,1000,250,6,0.9,1,1,1,1.72341744137853
"1038",0.3,1000,250,6,0.9,1,1,0.256,1.95047549998879
"1039",0.6,1000,250,6,0.9,1,1,0.1,1.63594036138519
"1040",0.9,1000,250,6,0.9,0.998,0.998,0.092,1.07419803460411
"1041",0,125,1250,6,0.9,0.732,0.728,0.668,115.202978445583
"1042",0.3,125,1250,6,0.9,0.658,0.656,0.074,109.444486568612
"1043",0.6,125,1250,6,0.9,0.594,0.59,0.04,88.1660030203615
"1044",0.9,125,1250,6,0.9,0.32,0.31,0,36.7999179109462
"1045",0,250,1250,6,0.9,0.996,0.996,0.97,101.307834113025
"1046",0.3,250,1250,6,0.9,0.988,0.988,0.16,101.493105626562
"1047",0.6,250,1250,6,0.9,0.946,0.936,0.05,87.4867983581989
"1048",0.9,250,1250,6,0.9,0.686,0.67,0.016,38.0882110963209
"1049",0,500,1250,6,0.9,1,1,1,106.453127253687
"1050",0.3,500,1250,6,0.9,1,1,0.218,102.17502811155
"1051",0.6,500,1250,6,0.9,1,1,0.056,87.0541148566383
"1052",0.9,500,1250,6,0.9,0.92,0.888,0.006,40.7632881737411
"1053",0,1000,1250,6,0.9,1,1,1,105.094929045612
"1054",0.3,1000,1250,6,0.9,1,1,0.222,100.037696921418
"1055",0.6,1000,1250,6,0.9,1,0.998,0.088,81.8337364029657
"1056",0.9,1000,1250,6,0.9,0.988,0.948,0.006,41.2753695534035
"1057",0,125,5000,6,0.9,0.468,0.466,0.404,544.205978702558
"1058",0.3,125,5000,6,0.9,0.414,0.406,0.04,480.939320374405
"1059",0.6,125,5000,6,0.9,0.306,0.304,0.008,360.298432670749
"1060",0.9,125,5000,6,0.9,0.176,0.178,0.006,133.727116246222
"1061",0,250,5000,6,0.9,0.934,0.934,0.93,403.552895693153
"1062",0.3,250,5000,6,0.9,0.904,0.904,0.126,399.84676640733
"1063",0.6,250,5000,6,0.9,0.854,0.852,0.04,319.001246592333
"1064",0.9,250,5000,6,0.9,0.58,0.574,0.002,140.4069811247
"1065",0,500,5000,6,0.9,1,0.998,1,409.166193028479
"1066",0.3,500,5000,6,0.9,0.996,0.996,0.166,410.712711392878
"1067",0.6,500,5000,6,0.9,0.984,0.984,0.054,336.108460438741
"1068",0.9,500,5000,6,0.9,0.834,0.82,0.01,154.561420279084
"1069",0,1000,5000,6,0.9,1,1,1,427.012670976619
"1070",0.3,1000,5000,6,0.9,1,1,0.214,415.832070295856
"1071",0.6,1000,5000,6,0.9,0.998,0.998,0.074,358.303518691608
"1072",0.9,1000,5000,6,0.9,0.958,0.946,0.008,168.373021020087
"1073",0,125,15000,6,0.9,0.246,0.246,0.238,1861.33859385208
"1074",0.3,125,15000,6,0.9,0.2,0.2,0.024,1611.13026997097
"1075",0.6,125,15000,6,0.9,0.148,0.15,0.012,1150.67795001985
"1076",0.9,125,15000,6,0.9,0.088,0.088,0.002,367.977564492783
"1077",0,250,15000,6,0.9,0.822,0.822,0.816,1248.14873647028
"1078",0.3,250,15000,6,0.9,0.792,0.792,0.1,1155.29567291043
"1079",0.6,250,15000,6,0.9,0.728,0.732,0.024,931.054699182691
"1080",0.9,250,15000,6,0.9,0.464,0.472,0.008,371.713483840079
"1081",0,500,15000,6,0.9,0.988,0.988,0.986,1204.21467265803
"1082",0.3,500,15000,6,0.9,0.99,0.99,0.192,1124.8278463295
"1083",0.6,500,15000,6,0.9,0.976,0.976,0.052,1030.09299090714
"1084",0.9,500,15000,6,0.9,0.768,0.764,0.004,417.004060760361
"1085",0,1000,15000,6,0.9,1,1,1,1259.01482956424
"1086",0.3,1000,15000,6,0.9,1,1,0.186,1243.25897043028
"1087",0.6,1000,15000,6,0.9,1,1,0.076,990.119345317445
"1088",0.9,1000,15000,6,0.9,0.954,0.95,0.012,475.116585495374
"1089",0,125,250,9,0.9,0.776,0.762,0.454,21.8977927700382
"1090",0.3,125,250,9,0.9,0.702,0.678,0.038,22.0533278655428
"1091",0.6,125,250,9,0.9,0.584,0.548,0.012,18.1963918878248
"1092",0.9,125,250,9,0.9,0.27,0.276,0,7.83280980893643
"1093",0,250,250,9,0.9,1,1,0.934,19.1305513024001
"1094",0.3,250,250,9,0.9,0.998,0.996,0.114,18.4114040616469
"1095",0.6,250,250,9,0.9,0.954,0.928,0.03,15.0223234277816
"1096",0.9,250,250,9,0.9,0.688,0.7,0.012,6.62364300572439
"1097",0,500,250,9,0.9,1,1,1,10.7187601042649
"1098",0.3,500,250,9,0.9,1,1,0.142,10.431393092128
"1099",0.6,500,250,9,0.9,0.998,0.998,0.05,9.15516980480557
"1100",0.9,500,250,9,0.9,0.922,0.924,0.006,4.49930822879542
"1101",0,1000,250,9,0.9,1,1,1,1.83362781925824
"1102",0.3,1000,250,9,0.9,1,1,0.182,1.97993166089403
"1103",0.6,1000,250,9,0.9,1,1,0.05,1.79055082212181
"1104",0.9,1000,250,9,0.9,0.996,0.998,0.016,1.20532441082727
"1105",0,125,1250,9,0.9,0.198,0.196,0.13,164.123638988906
"1106",0.3,125,1250,9,0.9,0.11,0.114,0.006,147.120933556768
"1107",0.6,125,1250,9,0.9,0.106,0.094,0,110.475859440303
"1108",0.9,125,1250,9,0.9,0.046,0.044,0,41.3584184271219
"1109",0,250,1250,9,0.9,0.854,0.858,0.76,107.849530641861
"1110",0.3,250,1250,9,0.9,0.854,0.85,0.072,103.754746606633
"1111",0.6,250,1250,9,0.9,0.72,0.7,0.02,89.6419244579604
"1112",0.9,250,1250,9,0.9,0.368,0.356,0,42.0575441835281
"1113",0,500,1250,9,0.9,1,1,0.99,106.848250454566
"1114",0.3,500,1250,9,0.9,0.998,0.998,0.112,106.210232467636
"1115",0.6,500,1250,9,0.9,0.98,0.96,0.028,92.3736649168558
"1116",0.9,500,1250,9,0.9,0.732,0.698,0.002,42.1489109816541
"1117",0,1000,1250,9,0.9,1,1,1,105.388857704967
"1118",0.3,1000,1250,9,0.9,1,1,0.136,103.583701610476
"1119",0.6,1000,1250,9,0.9,0.998,0.984,0.05,85.335066685313
"1120",0.9,1000,1250,9,0.9,0.926,0.836,0.004,41.6028174815505
"1121",0,125,5000,9,0.9,0.016,0.016,0.018,856.004825276098
"1122",0.3,125,5000,9,0.9,0.01,0.01,0,694.294173363614
"1123",0.6,125,5000,9,0.9,0.006,0.006,0,476.67796537072
"1124",0.9,125,5000,9,0.9,0.002,0.002,0,150.704991446093
"1125",0,250,5000,9,0.9,0.616,0.614,0.596,464.220942683848
"1126",0.3,250,5000,9,0.9,0.59,0.58,0.042,429.909671238351
"1127",0.6,250,5000,9,0.9,0.454,0.448,0.01,346.757124571972
"1128",0.9,250,5000,9,0.9,0.22,0.216,0.008,148.071883353058
"1129",0,500,5000,9,0.9,0.956,0.958,0.94,417.614474772473
"1130",0.3,500,5000,9,0.9,0.938,0.938,0.076,425.21414862754
"1131",0.6,500,5000,9,0.9,0.876,0.874,0.016,354.036276602098
"1132",0.9,500,5000,9,0.9,0.604,0.6,0,160.126882110715
"1133",0,1000,5000,9,0.9,0.998,0.998,0.998,429.209533446413
"1134",0.3,1000,5000,9,0.9,0.998,0.998,0.124,431.716878973111
"1135",0.6,1000,5000,9,0.9,0.99,0.992,0.026,379.499001684121
"1136",0.9,1000,5000,9,0.9,0.85,0.822,0.004,179.175290593434
"1137",0,125,15000,9,0.9,0.002,0.002,0,2839.58394845284
"1138",0.3,125,15000,9,0.9,0,0,0,2208.96153021342
"1139",0.6,125,15000,9,0.9,0,0,0,1419.11867688295
"1140",0.9,125,15000,9,0.9,0,0,0,422.800171300053
"1141",0,250,15000,9,0.9,0.334,0.334,0.332,1586.94461722181
"1142",0.3,250,15000,9,0.9,0.3,0.298,0.008,1476.80953495346
"1143",0.6,250,15000,9,0.9,0.2,0.202,0,1103.67078809161
"1144",0.9,250,15000,9,0.9,0.096,0.094,0,421.738578783327
"1145",0,500,15000,9,0.9,0.898,0.898,0.88,1238.04014270577
"1146",0.3,500,15000,9,0.9,0.868,0.868,0.076,1199.7973305277
"1147",0.6,500,15000,9,0.9,0.81,0.802,0.02,989.41050878115
"1148",0.9,500,15000,9,0.9,0.506,0.504,0.006,435.956662748232
"1149",0,1000,15000,9,0.9,0.996,0.996,0.994,1253.09292690601
"1150",0.3,1000,15000,9,0.9,0.992,0.992,0.088,1235.65297218955
"1151",0.6,1000,15000,9,0.9,0.978,0.978,0.026,1079.55615387611
"1152",0.9,1000,15000,9,0.9,0.78,0.77,0.004,477.081731518861
"1153",0,125,250,12,0.9,0.422,0.418,0.098,25.5189972572427
"1154",0.3,125,250,12,0.9,0.35,0.34,0.002,24.6427931368486
"1155",0.6,125,250,12,0.9,0.256,0.254,0.006,19.4583867320077
"1156",0.9,125,250,12,0.9,0.132,0.114,0,8.18105544760175
"1157",0,250,250,12,0.9,0.996,0.996,0.794,19.2423791102193
"1158",0.3,250,250,12,0.9,0.978,0.964,0.06,19.1750709102638
"1159",0.6,250,250,12,0.9,0.878,0.826,0.012,16.1855360684227
"1160",0.9,250,250,12,0.9,0.502,0.51,0,7.01308598664132
"1161",0,500,250,12,0.9,1,1,0.996,10.9880854956974
"1162",0.3,500,250,12,0.9,1,1,0.1,11.1159482020778
"1163",0.6,500,250,12,0.9,0.988,0.988,0.03,10.2663583762738
"1164",0.9,500,250,12,0.9,0.776,0.784,0.008,4.97637533629391
"1165",0,1000,250,12,0.9,1,1,1,1.87560774673728
"1166",0.3,1000,250,12,0.9,1,1,0.122,2.0625881392331
"1167",0.6,1000,250,12,0.9,1,1,0.02,1.94650569263704
"1168",0.9,1000,250,12,0.9,0.972,0.976,0.006,1.24912299170293
"1169",0,125,1250,12,0.9,0.012,0.01,0.01,225.895248137716
"1170",0.3,125,1250,12,0.9,0.006,0.004,0,188.140916469287
"1171",0.6,125,1250,12,0.9,0,0,0,133.624961577036
"1172",0.9,125,1250,12,0.9,0.002,0.002,0,44.3915094669597
"1173",0,250,1250,12,0.9,0.562,0.568,0.394,116.995053890061
"1174",0.3,250,1250,12,0.9,0.5,0.494,0.02,118.044961348218
"1175",0.6,250,1250,12,0.9,0.356,0.34,0,98.8241620465371
"1176",0.9,250,1250,12,0.9,0.176,0.174,0.002,40.5709036559442
"1177",0,500,1250,12,0.9,0.98,0.976,0.922,107.811929552565
"1178",0.3,500,1250,12,0.9,0.958,0.942,0.066,108.471021806903
"1179",0.6,500,1250,12,0.9,0.926,0.88,0.03,92.3027956212657
"1180",0.9,500,1250,12,0.9,0.562,0.526,0.006,45.2917873146067
"1181",0,1000,1250,12,0.9,1,1,1,105.756186324626
"1182",0.3,1000,1250,12,0.9,1,0.998,0.09,106.468500282507
"1183",0.6,1000,1250,12,0.9,0.996,0.96,0.026,90.8631344538888
"1184",0.9,1000,1250,12,0.9,0.828,0.71,0.006,42.7162529960634
"1185",0,125,5000,12,0.9,0,0,0,1107.13815650777
"1186",0.3,125,5000,12,0.9,0,0,0,869.74134224664
"1187",0.6,125,5000,12,0.9,0,0,0,552.453830613238
"1188",0.9,125,5000,12,0.9,0,0,0,162.139568345162
"1189",0,250,5000,12,0.9,0.162,0.166,0.148,596.79895703559
"1190",0.3,250,5000,12,0.9,0.132,0.136,0.006,542.045637372553
"1191",0.6,250,5000,12,0.9,0.084,0.082,0,425.151070024559
"1192",0.9,250,5000,12,0.9,0.042,0.042,0,161.411692024121
"1193",0,500,5000,12,0.9,0.83,0.828,0.796,430.023910491174
"1194",0.3,500,5000,12,0.9,0.788,0.784,0.044,432.232039953883
"1195",0.6,500,5000,12,0.9,0.668,0.654,0.01,372.367376088229
"1196",0.9,500,5000,12,0.9,0.362,0.364,0.004,169.185469375463
"1197",0,1000,5000,12,0.9,0.996,0.996,0.992,429.555172737137
"1198",0.3,1000,5000,12,0.9,0.992,0.992,0.08,441.203580941926
"1199",0.6,1000,5000,12,0.9,0.97,0.96,0.024,384.659905456705
"1200",0.9,1000,5000,12,0.9,0.706,0.674,0.002,180.9768640624
"1201",0,125,15000,12,0.9,0,0,0,3396.70630110944
"1202",0.3,125,15000,12,0.9,0,0,0,2548.9378834096
"1203",0.6,125,15000,12,0.9,0,0,0,1576.56529818623
"1204",0.9,125,15000,12,0.9,0,0,0,447.384642330678
"1205",0,250,15000,12,0.9,0.054,0.056,0.048,2072.34145989843
"1206",0.3,250,15000,12,0.9,0.032,0.032,0,1803.484843648
"1207",0.6,250,15000,12,0.9,0.016,0.018,0,1298.39769875733
"1208",0.9,250,15000,12,0.9,0.004,0.004,0,465.279300688436
"1209",0,500,15000,12,0.9,0.614,0.612,0.604,1344.98733215864
"1210",0.3,500,15000,12,0.9,0.57,0.57,0.026,1307.38935529507
"1211",0.6,500,15000,12,0.9,0.498,0.494,0.008,1055.03354265121
"1212",0.9,500,15000,12,0.9,0.244,0.244,0.004,473.933038468943
"1213",0,1000,15000,12,0.9,0.966,0.966,0.95,1266.78963498271
"1214",0.3,1000,15000,12,0.9,0.972,0.968,0.056,1275.04051730122
"1215",0.6,1000,15000,12,0.9,0.912,0.91,0.022,1103.95752403091
"1216",0.9,1000,15000,12,0.9,0.612,0.61,0.004,507.589435591936
"1217",0,125,250,15,0.9,0.132,0.126,0.01,29.2930631368603
"1218",0.3,125,250,15,0.9,0.092,0.078,0,28.4696357898929
"1219",0.6,125,250,15,0.9,0.054,0.052,0,23.0542118079296
"1220",0.9,125,250,15,0.9,0.012,0.018,0,8.70012267117868
"1221",0,250,250,15,0.9,0.988,0.974,0.496,19.5686271168759
"1222",0.3,250,250,15,0.9,0.92,0.876,0.04,20.145775220377
"1223",0.6,250,250,15,0.9,0.776,0.726,0.008,16.1190615323879
"1224",0.9,250,250,15,0.9,0.36,0.362,0,7.71919434489295
"1225",0,500,250,15,0.9,1,1,0.968,11.0664779385384
"1226",0.3,500,250,15,0.9,1,1,0.072,11.754309143249
"1227",0.6,500,250,15,0.9,0.98,0.974,0.026,10.4391149028817
"1228",0.9,500,250,15,0.9,0.688,0.708,0.006,5.08917185213947
"1229",0,1000,250,15,0.9,1,1,1,1.96144909014045
"1230",0.3,1000,250,15,0.9,1,1,0.09,2.13575723150755
"1231",0.6,1000,250,15,0.9,1,1,0.026,2.15737264664582
"1232",0.9,1000,250,15,0.9,0.93,0.94,0.002,1.25923966646187
"1233",0,125,1250,15,0.9,0,0,0,276.678361222966
"1234",0.3,125,1250,15,0.9,0,0,0,224.370119438297
"1235",0.6,125,1250,15,0.9,0,0,0,155.543619207923
"1236",0.9,125,1250,15,0.9,0,0,0,48.7101032722842
"1237",0,250,1250,15,0.9,0.22,0.216,0.104,135.707115889775
"1238",0.3,250,1250,15,0.9,0.162,0.152,0.006,133.347633473678
"1239",0.6,250,1250,15,0.9,0.1,0.094,0,109.815046497092
"1240",0.9,250,1250,15,0.9,0.056,0.06,0,44.0643512558634
"1241",0,500,1250,15,0.9,0.938,0.924,0.756,108.623776809228
"1242",0.3,500,1250,15,0.9,0.884,0.876,0.044,111.84371110114
"1243",0.6,500,1250,15,0.9,0.79,0.738,0.016,96.8162405367085
"1244",0.9,500,1250,15,0.9,0.412,0.396,0,46.1304297603068
"1245",0,1000,1250,15,0.9,1,1,0.984,105.946981591791
"1246",0.3,1000,1250,15,0.9,0.998,0.986,0.064,111.081185503915
"1247",0.6,1000,1250,15,0.9,0.98,0.91,0.014,89.4217396747095
"1248",0.9,1000,1250,15,0.9,0.736,0.6,0.002,45.2671371101515
"1249",0,125,5000,15,0.9,0,0,0,1260.51339326778
"1250",0.3,125,5000,15,0.9,0,0,0,974.993831578059
"1251",0.6,125,5000,15,0.9,0,0,0,605.734003041476
"1252",0.9,125,5000,15,0.9,0,0,0,171.102968944553
"1253",0,250,5000,15,0.9,0.026,0.026,0.016,728.456834073617
"1254",0.3,250,5000,15,0.9,0.004,0.002,0,652.184125058104
"1255",0.6,250,5000,15,0.9,0.006,0.006,0,492.760076558314
"1256",0.9,250,5000,15,0.9,0.002,0.002,0,170.089111765753
"1257",0,500,5000,15,0.9,0.608,0.614,0.518,454.537972524895
"1258",0.3,500,5000,15,0.9,0.518,0.506,0.026,466.280194416579
"1259",0.6,500,5000,15,0.9,0.352,0.342,0.006,400.712003639867
"1260",0.9,500,5000,15,0.9,0.192,0.192,0,176.154853989761
"1261",0,1000,5000,15,0.9,0.962,0.96,0.922,430.973412782999
"1262",0.3,1000,5000,15,0.9,0.94,0.936,0.036,448.834582979418
"1263",0.6,1000,5000,15,0.9,0.902,0.89,0.014,391.46344277112
"1264",0.9,1000,5000,15,0.9,0.576,0.55,0.002,183.832007040539
"1265",0,125,15000,15,0.9,0,0,0,3743.73334689189
"1266",0.3,125,15000,15,0.9,0,0,0,2796.03216129807
"1267",0.6,125,15000,15,0.9,0,0,0,1684.56211802853
"1268",0.9,125,15000,15,0.9,0,0,0,456.900607742374
"1269",0,250,15000,15,0.9,0.002,0.002,0.002,2603.12794610149
"1270",0.3,250,15000,15,0.9,0,0,0,2136.03629707314
"1271",0.6,250,15000,15,0.9,0,0,0,1481.17542911225
"1272",0.9,250,15000,15,0.9,0,0,0,479.806679575371
"1273",0,500,15000,15,0.9,0.316,0.314,0.298,1496.1814170028
"1274",0.3,500,15000,15,0.9,0.24,0.238,0.008,1486.02193193438
"1275",0.6,500,15000,15,0.9,0.206,0.208,0.002,1188.94811657768
"1276",0.9,500,15000,15,0.9,0.078,0.078,0,486.830507261737
"1277",0,1000,15000,15,0.9,0.928,0.926,0.898,1278.12812247528
"1278",0.3,1000,15000,15,0.9,0.856,0.856,0.036,1363.75227834162
"1279",0.6,1000,15000,15,0.9,0.74,0.728,0.018,1173.36331598826
"1280",0.9,1000,15000,15,0.9,0.456,0.448,0.002,524.519659558814
"1281",0,125,250,3,0.95,1,1,0.994,10.6231826749572
"1282",0.3,125,250,3,0.95,1,1,0.556,10.2697737673424
"1283",0.6,125,250,3,0.95,1,1,0.25,8.91501707221644
"1284",0.9,125,250,3,0.95,0.982,0.984,0.028,4.92727472069392
"1285",0,250,250,3,0.95,1,1,1,10.1152906591369
"1286",0.3,250,250,3,0.95,1,1,0.644,9.67542559869355
"1287",0.6,250,250,3,0.95,1,1,0.358,8.17824765055482
"1288",0.9,250,250,3,0.95,1,1,0.104,4.4852502960926
"1289",0,500,250,3,0.95,1,1,1,5.27982192056821
"1290",0.3,500,250,3,0.95,1,1,0.65,5.10980148393111
"1291",0.6,500,250,3,0.95,1,1,0.346,4.81728087504186
"1292",0.9,500,250,3,0.95,1,1,0.296,3.07366060827448
"1293",0,1000,250,3,0.95,1,1,1,0.899941254023654
"1294",0.3,1000,250,3,0.95,1,1,0.67,0.910108419564904
"1295",0.6,1000,250,3,0.95,1,1,0.374,0.825762023891492
"1296",0.9,1000,250,3,0.95,1,1,0.274,0.624161088911616
"1297",0,125,1250,3,0.95,0.998,0.998,0.998,49.3192441724955
"1298",0.3,125,1250,3,0.95,1,1,0.522,48.4530672264629
"1299",0.6,125,1250,3,0.95,1,1,0.1,42.7463312922335
"1300",0.9,125,1250,3,0.95,0.946,0.946,0.004,23.3499830061358
"1301",0,250,1250,3,0.95,1,1,1,51.1537262206837
"1302",0.3,250,1250,3,0.95,1,1,0.56,50.9115619399457
"1303",0.6,250,1250,3,0.95,1,1,0.294,45.9723480728307
"1304",0.9,250,1250,3,0.95,0.996,0.996,0.032,26.271269596319
"1305",0,500,1250,3,0.95,1,1,1,54.3674397637215
"1306",0.3,500,1250,3,0.95,1,1,0.638,53.224957114084
"1307",0.6,500,1250,3,0.95,1,1,0.366,48.3430998886179
"1308",0.9,500,1250,3,0.95,1,1,0.152,28.0459073758824
"1309",0,1000,1250,3,0.95,1,1,1,55.5368398766161
"1310",0.3,1000,1250,3,0.95,1,1,0.632,54.0801608624024
"1311",0.6,1000,1250,3,0.95,1,1,0.386,47.9520728845876
"1312",0.9,1000,1250,3,0.95,1,1,0.264,26.6967212835728
"1313",0,125,5000,3,0.95,0.992,0.992,0.992,192.597653167729
"1314",0.3,125,5000,3,0.95,0.984,0.984,0.434,197.795504499225
"1315",0.6,125,5000,3,0.95,0.974,0.976,0.07,170.516124440393
"1316",0.9,125,5000,3,0.95,0.848,0.84,0,93.9886292026756
"1317",0,250,5000,3,0.95,0.996,0.996,0.996,200.597617713684
"1318",0.3,250,5000,3,0.95,1,1,0.532,196.534721571669
"1319",0.6,250,5000,3,0.95,0.994,0.994,0.242,183.212953005633
"1320",0.9,250,5000,3,0.95,0.994,0.994,0.002,98.6031358706477
"1321",0,500,5000,3,0.95,1,1,1,210.432007480293
"1322",0.3,500,5000,3,0.95,1,1,0.58,205.969997096874
"1323",0.6,500,5000,3,0.95,1,1,0.34,186.822017466085
"1324",0.9,500,5000,3,0.95,1,1,0.032,105.473301154129
"1325",0,1000,5000,3,0.95,1,1,1,216.498950096623
"1326",0.3,1000,5000,3,0.95,1,1,0.686,218.0845239275
"1327",0.6,1000,5000,3,0.95,1,1,0.404,194.951816096284
"1328",0.9,1000,5000,3,0.95,1,1,0.184,117.428151070504
"1329",0,125,15000,3,0.95,0.968,0.968,0.97,592.738298894183
"1330",0.3,125,15000,3,0.95,0.97,0.97,0.292,566.219114841449
"1331",0.6,125,15000,3,0.95,0.956,0.956,0.036,509.459983813268
"1332",0.9,125,15000,3,0.95,0.81,0.808,0.004,241.159926672808
"1333",0,250,15000,3,0.95,0.998,0.998,0.998,590.92018678901
"1334",0.3,250,15000,3,0.95,1,1,0.518,557.641976369682
"1335",0.6,250,15000,3,0.95,0.998,0.998,0.18,499.326140179683
"1336",0.9,250,15000,3,0.95,0.978,0.976,0.006,272.531192982632
"1337",0,500,15000,3,0.95,1,1,1,616.603716633774
"1338",0.3,500,15000,3,0.95,1,1,0.594,602.914244574302
"1339",0.6,500,15000,3,0.95,1,1,0.302,541.545068584952
"1340",0.9,500,15000,3,0.95,1,1,0.022,289.487146854822
"1341",0,1000,15000,3,0.95,1,1,1,638.016132054416
"1342",0.3,1000,15000,3,0.95,1,1,0.63,634.025715361697
"1343",0.6,1000,15000,3,0.95,1,1,0.372,602.035605229804
"1344",0.9,1000,15000,3,0.95,1,1,0.122,341.390885379223
"1345",0,125,250,6,0.95,0.986,0.986,0.904,10.6315738641335
"1346",0.3,125,250,6,0.95,0.98,0.978,0.164,10.2830293138561
"1347",0.6,125,250,6,0.95,0.972,0.966,0.05,9.27795027530991
"1348",0.9,125,250,6,0.95,0.788,0.786,0.006,5.2937129783224
"1349",0,250,250,6,0.95,1,1,1,10.2083821530881
"1350",0.3,250,250,6,0.95,1,1,0.24,10.1208882143582
"1351",0.6,250,250,6,0.95,1,1,0.084,8.87904743348183
"1352",0.9,250,250,6,0.95,0.964,0.964,0.012,4.67716621748475
"1353",0,500,250,6,0.95,1,1,1,5.38681348749042
"1354",0.3,500,250,6,0.95,1,1,0.304,5.38258016578277
"1355",0.6,500,250,6,0.95,1,1,0.124,5.36250896181238
"1356",0.9,500,250,6,0.95,1,1,0.018,3.13708239819379
"1357",0,1000,250,6,0.95,1,1,1,0.870499731190213
"1358",0.3,1000,250,6,0.95,1,1,0.26,1.00283492578967
"1359",0.6,1000,250,6,0.95,1,1,0.1,0.847392678525092
"1360",0.9,1000,250,6,0.95,1,1,0.092,0.672987188759422
"1361",0,125,1250,6,0.95,0.78,0.784,0.712,67.0744288528738
"1362",0.3,125,1250,6,0.95,0.746,0.742,0.076,62.9731647664743
"1363",0.6,125,1250,6,0.95,0.704,0.704,0.038,54.7678825521397
"1364",0.9,125,1250,6,0.95,0.458,0.454,0,27.835444382077
"1365",0,250,1250,6,0.95,0.998,0.998,0.976,51.8796562525136
"1366",0.3,250,1250,6,0.95,0.992,0.992,0.17,54.0197222044026
"1367",0.6,250,1250,6,0.95,0.982,0.982,0.05,51.1184254761866
"1368",0.9,250,1250,6,0.95,0.862,0.854,0.014,27.521777592073
"1369",0,500,1250,6,0.95,1,1,1,55.0375838858893
"1370",0.3,500,1250,6,0.95,1,1,0.224,54.4854519173389
"1371",0.6,500,1250,6,0.95,1,1,0.056,50.5302555486463
"1372",0.9,500,1250,6,0.95,0.98,0.976,0.008,28.891714035605
"1373",0,1000,1250,6,0.95,1,1,1,55.7322074395919
"1374",0.3,1000,1250,6,0.95,1,1,0.224,54.9937706545184
"1375",0.6,1000,1250,6,0.95,1,1,0.088,47.9584245751677
"1376",0.9,1000,1250,6,0.95,1,0.996,0.008,28.9844724153011
"1377",0,125,5000,6,0.95,0.518,0.518,0.474,369.243894801647
"1378",0.3,125,5000,6,0.95,0.5,0.504,0.056,315.361866500316
"1379",0.6,125,5000,6,0.95,0.426,0.424,0.012,247.171719365272
"1380",0.9,125,5000,6,0.95,0.268,0.27,0.002,106.880863043391
"1381",0,250,5000,6,0.95,0.95,0.948,0.94,212.200176823436
"1382",0.3,250,5000,6,0.95,0.932,0.932,0.128,219.110187788011
"1383",0.6,250,5000,6,0.95,0.902,0.902,0.04,189.990085229294
"1384",0.9,250,5000,6,0.95,0.744,0.736,0.002,103.636396571892
"1385",0,500,5000,6,0.95,1,1,1,208.509557462425
"1386",0.3,500,5000,6,0.95,0.996,0.996,0.172,218.209673675762
"1387",0.6,500,5000,6,0.95,0.996,0.996,0.052,194.742290685192
"1388",0.9,500,5000,6,0.95,0.942,0.936,0.012,111.304156112389
"1389",0,1000,5000,6,0.95,1,1,1,216.238506985903
"1390",0.3,1000,5000,6,0.95,1,1,0.216,218.605681289593
"1391",0.6,1000,5000,6,0.95,1,0.998,0.078,204.901481439837
"1392",0.9,1000,5000,6,0.95,0.994,0.992,0.008,118.17657927559
"1393",0,125,15000,6,0.95,0.28,0.28,0.272,1423.18889062475
"1394",0.3,125,15000,6,0.95,0.252,0.256,0.032,1198.22512765726
"1395",0.6,125,15000,6,0.95,0.24,0.238,0.014,827.710241459032
"1396",0.9,125,15000,6,0.95,0.136,0.136,0.002,311.916398035815
"1397",0,250,15000,6,0.95,0.856,0.856,0.852,696.770211518938
"1398",0.3,250,15000,6,0.95,0.838,0.838,0.102,656.38454537705
"1399",0.6,250,15000,6,0.95,0.82,0.82,0.024,574.08346317041
"1400",0.9,250,15000,6,0.95,0.604,0.6,0.008,282.389644321388
"1401",0,500,15000,6,0.95,0.99,0.99,0.99,622.153467896723
"1402",0.3,500,15000,6,0.95,0.994,0.994,0.196,599.597312770425
"1403",0.6,500,15000,6,0.95,0.99,0.99,0.052,612.734770896012
"1404",0.9,500,15000,6,0.95,0.886,0.886,0.004,304.416302252757
"1405",0,1000,15000,6,0.95,1,1,1,639.396129446672
"1406",0.3,1000,15000,6,0.95,1,1,0.19,657.797088906283
"1407",0.6,1000,15000,6,0.95,1,1,0.074,563.482978927904
"1408",0.9,1000,15000,6,0.95,0.988,0.988,0.016,336.966276507002
"1409",0,125,250,9,0.95,0.876,0.882,0.508,11.5525042183338
"1410",0.3,125,250,9,0.95,0.83,0.828,0.038,12.0524322340268
"1411",0.6,125,250,9,0.95,0.758,0.754,0.01,10.9756811021587
"1412",0.9,125,250,9,0.95,0.456,0.452,0,5.93877680938815
"1413",0,250,250,9,0.95,1,1,0.94,10.4153882248762
"1414",0.3,250,250,9,0.95,1,1,0.114,10.4042337779046
"1415",0.6,250,250,9,0.95,0.994,0.99,0.034,9.12124484740757
"1416",0.9,250,250,9,0.95,0.868,0.872,0.012,4.76725422513554
"1417",0,500,250,9,0.95,1,1,1,5.56562963187206
"1418",0.3,500,250,9,0.95,1,1,0.148,5.56869430188823
"1419",0.6,500,250,9,0.95,0.998,0.998,0.05,5.2890414834889
"1420",0.9,500,250,9,0.95,0.976,0.978,0.008,3.10614025282336
"1421",0,1000,250,9,0.95,1,1,1,0.940406773461767
"1422",0.3,1000,250,9,0.95,1,1,0.18,1.01242747560663
"1423",0.6,1000,250,9,0.95,1,1,0.054,0.93900100572978
"1424",0.9,1000,250,9,0.95,0.998,1,0.016,0.757371844502419
"1425",0,125,1250,9,0.95,0.244,0.242,0.176,114.884044023078
"1426",0.3,125,1250,9,0.95,0.178,0.178,0.008,99.9648923861612
"1427",0.6,125,1250,9,0.95,0.154,0.152,0,77.8914506301415
"1428",0.9,125,1250,9,0.95,0.068,0.068,0,33.5790919239718
"1429",0,250,1250,9,0.95,0.906,0.904,0.796,55.9040705260357
"1430",0.3,250,1250,9,0.95,0.898,0.896,0.076,55.8271489668752
"1431",0.6,250,1250,9,0.95,0.836,0.822,0.02,52.5591466692161
"1432",0.9,250,1250,9,0.95,0.51,0.512,0,31.5250658611231
"1433",0,500,1250,9,0.95,1,1,0.994,55.0823762712921
"1434",0.3,500,1250,9,0.95,0.998,0.998,0.12,56.8555620170826
"1435",0.6,500,1250,9,0.95,0.998,0.994,0.03,54.2310862149552
"1436",0.9,500,1250,9,0.95,0.892,0.854,0.002,30.0319122655962
"1437",0,1000,1250,9,0.95,1,1,1,55.7710524544085
"1438",0.3,1000,1250,9,0.95,1,1,0.134,56.9879855118664
"1439",0.6,1000,1250,9,0.95,1,0.998,0.052,50.3222128425376
"1440",0.9,1000,1250,9,0.95,0.988,0.96,0.004,29.4646232912492
"1441",0,125,5000,9,0.95,0.028,0.028,0.028,704.84860977136
"1442",0.3,125,5000,9,0.95,0.026,0.026,0,536.825214704941
"1443",0.6,125,5000,9,0.95,0.016,0.016,0,373.288451253656
"1444",0.9,125,5000,9,0.95,0.008,0.008,0,132.631422735104
"1445",0,250,5000,9,0.95,0.67,0.668,0.64,270.711665449054
"1446",0.3,250,5000,9,0.95,0.674,0.68,0.046,249.448482957099
"1447",0.6,250,5000,9,0.95,0.578,0.57,0.016,214.689369178928
"1448",0.9,250,5000,9,0.95,0.366,0.358,0.008,111.834931644494
"1449",0,500,5000,9,0.95,0.97,0.97,0.958,213.602638505211
"1450",0.3,500,5000,9,0.95,0.956,0.958,0.076,227.634751182538
"1451",0.6,500,5000,9,0.95,0.93,0.928,0.016,205.761961655983
"1452",0.9,500,5000,9,0.95,0.784,0.776,0,116.169379585275
"1453",0,1000,5000,9,0.95,0.998,0.998,0.998,216.544845103056
"1454",0.3,1000,5000,9,0.95,0.998,0.998,0.124,227.775227106398
"1455",0.6,1000,5000,9,0.95,0.994,0.994,0.028,219.160340959098
"1456",0.9,1000,5000,9,0.95,0.96,0.944,0.002,127.991706310898
"1457",0,125,15000,9,0.95,0.002,0.002,0.002,2490.47760520601
"1458",0.3,125,15000,9,0.95,0.004,0.004,0,1875.77631412887
"1459",0.6,125,15000,9,0.95,0.002,0.002,0,1219.59093299251
"1460",0.9,125,15000,9,0.95,0,0,0,390.139589387621
"1461",0,250,15000,9,0.95,0.386,0.386,0.378,1048.82180767568
"1462",0.3,250,15000,9,0.95,0.404,0.404,0.014,930.010116498413
"1463",0.6,250,15000,9,0.95,0.296,0.298,0,740.849571199688
"1464",0.9,250,15000,9,0.95,0.164,0.158,0,335.948182174766
"1465",0,500,15000,9,0.95,0.914,0.912,0.912,651.167285833948
"1466",0.3,500,15000,9,0.95,0.92,0.918,0.084,645.800304826752
"1467",0.6,500,15000,9,0.95,0.888,0.888,0.022,585.144434358157
"1468",0.9,500,15000,9,0.95,0.66,0.656,0.006,319.620043152514
"1469",0,1000,15000,9,0.95,0.998,1,0.996,637.160591978787
"1470",0.3,1000,15000,9,0.95,1,1,0.092,653.053206104556
"1471",0.6,1000,15000,9,0.95,0.996,0.994,0.03,628.773023690789
"1472",0.9,1000,15000,9,0.95,0.908,0.904,0.004,342.564121104195
"1473",0,125,250,12,0.95,0.592,0.594,0.14,14.012977593238
"1474",0.3,125,250,12,0.95,0.506,0.504,0.002,14.004200762573
"1475",0.6,125,250,12,0.95,0.402,0.406,0.008,12.1784207002719
"1476",0.9,125,250,12,0.95,0.23,0.206,0,6.35008120206269
"1477",0,250,250,12,0.95,1,1,0.82,10.3897798293507
"1478",0.3,250,250,12,0.95,0.994,0.99,0.062,10.7907165618912
"1479",0.6,250,250,12,0.95,0.97,0.966,0.018,9.88146475863321
"1480",0.9,250,250,12,0.95,0.69,0.706,0,5.13955942807895
"1481",0,500,250,12,0.95,1,1,0.996,5.70831357412968
"1482",0.3,500,250,12,0.95,1,1,0.102,5.99614443315891
"1483",0.6,500,250,12,0.95,1,1,0.03,6.03694545855775
"1484",0.9,500,250,12,0.95,0.914,0.92,0.006,3.54189145583297
"1485",0,1000,250,12,0.95,1,1,1,0.971403113499962
"1486",0.3,1000,250,12,0.95,1,1,0.124,1.03222514976227
"1487",0.6,1000,250,12,0.95,1,1,0.022,1.02337194383108
"1488",0.9,1000,250,12,0.95,0.996,0.996,0.006,0.791374327828958
"1489",0,125,1250,12,0.95,0.018,0.018,0.014,180.913433874889
"1490",0.3,125,1250,12,0.95,0.014,0.014,0.004,146.557686315893
"1491",0.6,125,1250,12,0.95,0.002,0.002,0,104.396637044056
"1492",0.9,125,1250,12,0.95,0.004,0.006,0,37.9865811507743
"1493",0,250,1250,12,0.95,0.632,0.634,0.452,65.5087921845895
"1494",0.3,250,1250,12,0.95,0.602,0.602,0.02,66.460262731211
"1495",0.6,250,1250,12,0.95,0.492,0.488,0,60.2140613370349
"1496",0.9,250,1250,12,0.95,0.294,0.288,0.002,30.2866988772858
"1497",0,500,1250,12,0.95,0.992,0.986,0.94,55.2988207180098
"1498",0.3,500,1250,12,0.95,0.984,0.984,0.062,58.0892327080551
"1499",0.6,500,1250,12,0.95,0.976,0.97,0.032,53.8669962712201
"1500",0.9,500,1250,12,0.95,0.74,0.708,0.006,33.0479327571556
"1501",0,1000,1250,12,0.95,1,1,1,55.8078928480325
"1502",0.3,1000,1250,12,0.95,1,1,0.092,58.6726766199463
"1503",0.6,1000,1250,12,0.95,1,0.992,0.028,53.9761864961088
"1504",0.9,1000,1250,12,0.95,0.94,0.882,0.008,30.5257117708298
"1505",0,125,5000,12,0.95,0,0,0,983.471648506234
"1506",0.3,125,5000,12,0.95,0,0,0,760.953326450527
"1507",0.6,125,5000,12,0.95,0,0,0,478.101615672616
"1508",0.9,125,5000,12,0.95,0,0,0,148.679208230106
"1509",0,250,5000,12,0.95,0.216,0.216,0.176,401.177936270149
"1510",0.3,250,5000,12,0.95,0.196,0.192,0.012,353.414613548914
"1511",0.6,250,5000,12,0.95,0.144,0.142,0,285.873280277517
"1512",0.9,250,5000,12,0.95,0.098,0.094,0,128.543786668082
"1513",0,500,5000,12,0.95,0.864,0.866,0.824,224.631515337253
"1514",0.3,500,5000,12,0.95,0.848,0.846,0.048,233.144872704012
"1515",0.6,500,5000,12,0.95,0.794,0.794,0.008,218.318934818315
"1516",0.9,500,5000,12,0.95,0.52,0.522,0.004,124.287826221473
"1517",0,1000,5000,12,0.95,0.998,0.998,0.996,217.336975223692
"1518",0.3,1000,5000,12,0.95,0.998,0.998,0.08,233.437928757066
"1519",0.6,1000,5000,12,0.95,0.996,0.996,0.022,222.794538392016
"1520",0.9,1000,5000,12,0.95,0.894,0.878,0.004,129.701512110207
"1521",0,125,15000,12,0.95,0,0,0,3156.41177631931
"1522",0.3,125,15000,12,0.95,0,0,0,2310.30782505871
"1523",0.6,125,15000,12,0.95,0,0,0,1445.67982339538
"1524",0.9,125,15000,12,0.95,0,0,0,424.491466039289
"1525",0,250,15000,12,0.95,0.078,0.078,0.064,1539.40513967611
"1526",0.3,250,15000,12,0.95,0.05,0.05,0.002,1305.65672514058
"1527",0.6,250,15000,12,0.95,0.04,0.042,0.004,949.636731702243
"1528",0.9,250,15000,12,0.95,0.016,0.016,0,389.72309450176
"1529",0,500,15000,12,0.95,0.684,0.684,0.66,742.92995602861
"1530",0.3,500,15000,12,0.95,0.668,0.668,0.03,736.237621933604
"1531",0.6,500,15000,12,0.95,0.6,0.6,0.008,634.208547960118
"1532",0.9,500,15000,12,0.95,0.348,0.342,0.004,361.04510919274
"1533",0,1000,15000,12,0.95,0.976,0.976,0.956,644.567234412051
"1534",0.3,1000,15000,12,0.95,0.978,0.976,0.066,678.01152630979
"1535",0.6,1000,15000,12,0.95,0.966,0.966,0.024,645.333200786617
"1536",0.9,1000,15000,12,0.95,0.77,0.758,0.004,369.27310240084
"1537",0,125,250,15,0.95,0.24,0.234,0.01,17.5986794272133
"1538",0.3,125,250,15,0.95,0.18,0.182,0,17.2801537660401
"1539",0.6,125,250,15,0.95,0.122,0.12,0.002,14.6951126599844
"1540",0.9,125,250,15,0.95,0.044,0.034,0,7.09692536241031
"1541",0,250,250,15,0.95,1,1,0.534,10.5235770939998
"1542",0.3,250,250,15,0.95,0.994,0.988,0.046,11.299881211168
"1543",0.6,250,250,15,0.95,0.926,0.91,0.008,9.64658386260542
"1544",0.9,250,250,15,0.95,0.536,0.544,0.002,5.81436762998426
"1545",0,500,250,15,0.95,1,1,0.972,5.68758942881127
"1546",0.3,500,250,15,0.95,1,1,0.078,6.3596414748694
"1547",0.6,500,250,15,0.95,1,1,0.024,6.12899564461518
"1548",0.9,500,250,15,0.95,0.86,0.864,0.008,3.60141008860042
"1549",0,1000,250,15,0.95,1,1,1,0.998115781815151
"1550",0.3,1000,250,15,0.95,1,1,0.096,1.06505740807607
"1551",0.6,1000,250,15,0.95,1,1,0.024,1.14764996542333
"1552",0.9,1000,250,15,0.95,0.984,0.986,0.002,0.804889508416402
"1553",0,125,1250,15,0.95,0,0,0,235.461242821522
"1554",0.3,125,1250,15,0.95,0,0,0,184.481366669045
"1555",0.6,125,1250,15,0.95,0,0,0,126.551584024649
"1556",0.9,125,1250,15,0.95,0,0,0,43.834754333393
"1557",0,250,1250,15,0.95,0.3,0.304,0.164,83.4343602771328
"1558",0.3,250,1250,15,0.95,0.262,0.256,0.004,78.8199192674231
"1559",0.6,250,1250,15,0.95,0.156,0.156,0.002,69.8770236867809
"1560",0.9,250,1250,15,0.95,0.116,0.114,0.004,33.6710316931689
"1561",0,500,1250,15,0.95,0.964,0.958,0.798,55.7313053726968
"1562",0.3,500,1250,15,0.95,0.95,0.94,0.044,60.0323565451032
"1563",0.6,500,1250,15,0.95,0.91,0.894,0.01,56.7338142898247
"1564",0.9,500,1250,15,0.95,0.604,0.574,0,33.4921211419291
"1565",0,1000,1250,15,0.95,1,1,0.988,56.1107928077773
"1566",0.3,1000,1250,15,0.95,1,1,0.068,61.4223116101768
"1567",0.6,1000,1250,15,0.95,0.996,0.986,0.014,53.1420280016466
"1568",0.9,1000,1250,15,0.95,0.882,0.822,0.002,32.3677939721389
"1569",0,125,5000,15,0.95,0,0,0,1166.72769197746
"1570",0.3,125,5000,15,0.95,0,0,0,878.75216869763
"1571",0.6,125,5000,15,0.95,0,0,0,540.549510426967
"1572",0.9,125,5000,15,0.95,0,0,0,160.012193832465
"1573",0,250,5000,15,0.95,0.034,0.032,0.02,541.18923607621
"1574",0.3,250,5000,15,0.95,0.008,0.008,0,464.510977059474
"1575",0.6,250,5000,15,0.95,0.012,0.014,0,353.46192921377
"1576",0.9,250,5000,15,0.95,0.006,0.006,0,140.933168440559
"1577",0,500,5000,15,0.95,0.672,0.672,0.562,244.62660716878
"1578",0.3,500,5000,15,0.95,0.628,0.616,0.034,257.863790378679
"1579",0.6,500,5000,15,0.95,0.48,0.476,0.008,241.748910060216
"1580",0.9,500,5000,15,0.95,0.316,0.312,0.002,131.692050676483
"1581",0,1000,5000,15,0.95,0.97,0.97,0.938,218.253732330886
"1582",0.3,1000,5000,15,0.95,0.96,0.96,0.038,237.518031720787
"1583",0.6,1000,5000,15,0.95,0.96,0.962,0.018,227.377170176693
"1584",0.9,1000,5000,15,0.95,0.738,0.712,0.002,132.255469755289
"1585",0,125,15000,15,0.95,0,0,0,3562.97316354036
"1586",0.3,125,15000,15,0.95,0,0,0,2622.81645699036
"1587",0.6,125,15000,15,0.95,0,0,0,1578.11300019483
"1588",0.9,125,15000,15,0.95,0,0,0,447.996342465046
"1589",0,250,15000,15,0.95,0.004,0.004,0.002,2112.0746937058
"1590",0.3,250,15000,15,0.95,0,0,0,1689.98049558002
"1591",0.6,250,15000,15,0.95,0.002,0.002,0.002,1166.29769471478
"1592",0.9,250,15000,15,0.95,0,0,0,416.96370024298
"1593",0,500,15000,15,0.95,0.38,0.38,0.35,884.766087179794
"1594",0.3,500,15000,15,0.95,0.33,0.33,0.008,884.895369708268
"1595",0.6,500,15000,15,0.95,0.306,0.3,0.004,753.529972873097
"1596",0.9,500,15000,15,0.95,0.152,0.148,0,375.061142971021
"1597",0,1000,15000,15,0.95,0.94,0.94,0.924,653.005118873549
"1598",0.3,1000,15000,15,0.95,0.9,0.9,0.038,733.039180568985
"1599",0.6,1000,15000,15,0.95,0.874,0.864,0.018,692.985826574123
"1600",0.9,1000,15000,15,0.95,0.61,0.608,0.002,385.493381597395
